지역(서울/특정구),기관명,지원정책명,"지원혜택(내용, 별도대상안내)",나이제한(최소) 만,나이제한(최대) 만,개인/부부합산 연소득(이하) 만,총자산액(이하) 만,기준중위소득(%),기초수급자조건(Y=1/N=공란),중소기업조건(Y=1/N=공란),신혼부부조건(Y=1/N=공란),무주택조건(Y=1/N=공란),*특이사항*,
서울,주택도시기금,버팀목 전세 대출,"수도권 1.2억원, 수도권 외 0.8억원 이내 연 2.5%~3.5%",19,34,5000,34500,,,,,1,,
서울,주택도시기금,청년전용 보증부월세대출,"(보증금) 최대 4,500만원 이내
 (월세금) 최대 1,200만원(24개월 기준: 월 50만원 이내)
 (보증금) 연 1.3%
 (월세금) 연0% (20만원 한도), 1.0% (20만원 초과)",,,5000,34500,,,,,1,,
서울,주택도시기금,청년전용 버팀목전세자금,"최대 1.5억원 이내(임차보증금의 80% 이내)
 연 2.2%~3.3%",,,5000,34500,,,,,1,,
서울,주택도시기금,신생아 특례 버팀목대출,"대출접수일 기준 2년 내 출산(’23.1.1. 이후 출생아부터 적용)한 무주택 세대주
 최대 2.4억원 이내(임차보증금의 80% 이내)
 연 1.3%~4.3%",,,13000,34500,,,,1,1,,
중랑구,청년몽땅정보통,서울청년 부동산 중개보수 및 이사비 지원,"중랑구에 거주하거나 전입한 청년들을 위해 서울시와 중랑구가 함께 제공하는 실비 지원 사업입니다.
 실제 이사에 소요된 부동산 중개보수 및 이사비를 최대 40만 원 한도 내 실비 지원합니다.",19,39,,,150,,,,,,
중구,복지로,저소득주민 부동산 통합 복지 지원 사업,"중개수수료 최대 60만원
 이사비 최대 80만원",,,,,,1,,,,,
서울,청년주거과,서울시 청년월세지원,"월 최대 20만원, 최대 12개월(생애 1회)",19,39,,,150,,,1,1,,
서울,청년주거과,청년 임차보증금 이자지원사업,"임차보증금 대출 최대 2억원(보증금 90% 이내), 서울시 연 2.0% 이자지원",19,39,5000,,,1,,,1,,
,,,,,,,,,,,,,,
서울,SH,청년안심주택,청년·신혼부부 대상 역세권 등 임대주택 공급,19,39,,,,,,,1,,
서울, 서울특별시,1인가구 주택관리서비스 ,"1인가구 주택관리서비스: 소액 소모품 교체 재료비 연 15만원 이내 홈케어  
 소규모 집수리 최대 50만원+클린케어 청소·방역·정리수납 최대 100만원",,,,,120,,,,,,
,,,,,,,,,,,,,,
서울, 서울특별시, 서울형 주택바우처(일반바우처),"민간 월세 저소득 가구에 매월 임대료 지원: 1인 12만원 / 2인 13만원 
 3인 14만원 / 4인 15만원 / 5인 16만원 / 6인 17만원.",,,,20000,60,1,,,,,
,,,,,,,,,,,,,,
서울, 서울특별시, 서울형 주택바우처(반지하 거주가구 이주지원),"반지하에서 지상층으로 이주한 가구에 월 20만원 지원
최장 72개월(6년) = 최대 1,440만원. 신청 시점부터 지원",,,,,,,,,,,
,,,,,,,,,,,,,,
서울," 미래청년기획관
청년사업담당관",2026 청년 부동산 중개보수 및 이사비 지원,"부동산 중개보수+이사비 실제 지출액을 합산해 최대 40만원 까지 지원
생애 1회, 개인 계좌로 지급.중개보수 또는 이사비 한 가지만 신청해도 가능",19,39,,,150,,,,1,,
,,,,,,,,,,,,,,
서울,주택도시기금,청년전용 보증부월세대출,청년 대상 보증금·월세 저리 대출,19,34,5000,,,,,,1,,
서울,서울특별시,긴급복지주거지원제도, 위기상황 가구에 임시거소 또는 주거비 지원,,,,,,,,,,,
 서울, 주거복지과, 희망의 집수리 사업," 현금 지급이 아닌 집수리 시공 지원. 도배·장판·단열·창호·방수 
싱크대·보일러·안전시설 등, 가구당 250만원",,,,,60,1,,,,,
,,,,,,,,,,,,,,
서울,서울특별시, 미리내집,"무주택 신혼부부에게 시세보다 저렴한 임대주택. 기본 거주 후 출산 시 
최장 20년까지 거주 가능, 2자녀 이상 출산 시 우선 매수청구권 부여",,,,,,,,1,1,,
,,,,,,,,,,,,,,
서울, 복지정책과, 가족돌봄청소년·청년 자기돌봄비,"기본형 월 30만원 × 6개월=180만원 / 고부담형 
월 40만원 × 6개월=240만원",9,39,,,150,1,,,,,
,,,,,,,,,,,,,,
서울,"서울특별시 
 양성평등담당관",서울커리업 구직지원금,"구직지원금 월 30만원 × 3개월=총 90만원 + 
여성인력개발기관 연계 구직활동 지원",30,59,,,150,,,,,,
,,,,,,,,,,,,,,
서울,가족담당관,저소득 한부모가족 복지급여,기준 중위소득 65% 이하 한부모·조손가족에게 아동양육비 등 복지급여 지원,,,,,65,1,,,,,
서울,영유아담당관,가정양육수당,"어린이집·유치원 미이용 아동 중 24~86개월 미만 월 10만원.
 장애아동은 24~36개월 미만 월 20만원, 이후 월 10만원",2,7,,,,,,,,,
,,,,,,,,,,,,,,
서울,복지정책과,가족돌봄청소년·청년 자기돌봄비,"기본형 월 30만원 × 6개월=180만원 / 
고부담형 월 40만원 × 6개월=240만원",9,39,,,150,,,,,,
,,,,,,,,,,,,,,
서울, 주거복지과, 희망의 집수리 사업,"현금 지급이 아닌 집수리 시공 지원. 도배·장판·단열·
창호·방수·싱크대·보일러·안전시설 등, 가구당 250만원",,,,,60,,,,,,
강동구,강동구청 공동주택과,임대차보증금 반환보증 보증료 지원(청년),"임대차보증금 반환보증 가입 청년에게 납부 보증료의 100%, 최대 40만원 지원",19,39,5000,,,,,,1,,
강동구,강동구청 공동주택과,임대차보증금 반환보증 보증료 지원(신혼부부),"임대차보증금 반환보증 가입 신혼부부에게 납부 보증료의 100%, 최대 40만원 지원",,,7500,,,,,1,1,,
강동구,강동구청 부동산정보과,부동산 중개보수 지원 서비스,2억원 이하 주택 전·월세 임차계약 시 부동산 중개보수를 최대 50만원 지원,,,,,,,,,,,
강동구,강동구청 생활보장과,2026년 청년월세 지원사업,실제 납부한 임대료 범위에서 월 최대 20만원씩 최대 24개월 지원,19,34,,,,,,,1,,
강동구,강동구청 어르신복지과,시니어청년생활돌봄단,고립·은둔청년 및 자립준비청년 가구를 월 2회 방문해 청소·정리정돈 등 주거환경 개선과 정서적 지원 제공,,,,,,,,,,,
강동구,강동구청 가족정책과,주거안전취약계층 안심홈세트 지원,"문열림센서, 창문잠금장치 2개, 현관문안전장치 지원",,,,,,,,,,,
강북구,강북구청 주택과,전세보증금 반환보증 보증료 지원사업(청년),"전세보증금 반환보증 가입 청년에게 기납부 보증료 전액, 최대 40만원 지원",19,39,5000,,,,,,1,,
강북구,강북구청 주택과,전세보증금 반환보증 보증료 지원사업(신혼부부),"전세보증금 반환보증 가입 신혼부부에게 기납부 보증료 전액, 최대 40만원 지원",,,7500,,,,,1,1,,
강북구,강북구청 일자리청년과,청년주택 사업,"무주택 청년에게 청년주택 거주 지원. 평균 임차보증금 1800만원, 평균 임차료 22만원, 최소 2년~최대 10년 거주",19,39,,,,,,,1,,
강북구,강북구청 부동산정보과,전월세 안심계약 도움서비스,"전월세 계약 상담, 공적장부 확인, 전세사기 예방 안내, 주거지 탐색 지원, 현장동행, 주거복지 연계 제공",,,,,,,,,,,
강북구,강북구청 생활보장과,희망두배 청년통장 운영,"본인 저축액과 동일 금액을 1:1 매칭 지원. 월 15만원, 2년 또는 3년 적립",18,34,3060,90000,,,,,,,
강북구,강북구청 생활보장과,청년내일저축계좌,"월 10만원~50만원 자율저축 후 3년간 근로활동 지속, 교육이수 및 자금사용계획서 제출 시 근로소득장려금 지원",15,39,,,100,,,,,,
강북구,서울청년센터 강북,청년 주거환경 개선서비스,"문고리·방범창·도어락 수리, 해충퇴치, 정리수납, 에어컨 청소 등 최대 22만원 지원",19,39,,,,,,,,,
강북구,강북구청 일자리청년과,군복무 청년 상해보험 지원,"상해·질병사망 3000만원, 후유장해 2000만원, 입원일당, 골절·화상·수술비, 정신질환진단금 등 보장",,,,,,,,,,,
강북구,강북구청 지역보건과,청년 정신건강 상담,"우울·스트레스 선별검사, 전화·내소·방문 1:1 상담, 필요 시 정신건강복지센터 등록 및 의료기관 연계",,,,,,,,,,,
강북구,강북구청 일자리청년과,청년 어학·자격시험 응시료 지원,2026년 실시된 어학시험·국가기술자격·국가공인 민간자격시험 등의 본인부담 응시료를 1인 최대 10만원 지원,19,39,,,,,,,,,
강서구,강서구청 복지지원과,국토부 청년월세 지원사업,"부모와 별도로 거주하는 무주택 청년에게 실제 납부 월세 범위 내에서 월 최대 20만원, 최대 24개월 지원",19,34,,,60,,,,1,,
강서구,강서구청 일자리정책과,미취업청년 자격증 응시료 지원,2026년 응시한 어학시험 및 국가자격시험 등의 응시료를 1인 최대 10만원 실비 지원,19,39,,,,,,,,,
강서구,강서구청 복지지원과,강서청년둥지사업,저소득 청년에게 식품·생필품 꾸러미를 연 4회 자택 배송. 3월·6월·9월·11월 계절별 생활물품 지원,,,,,,,,,,,
강서구,강서구청 아동청소년과,자립준비청년 지원,"자립정착금 2000만원, 자립수당 월 50만원 최대 60회, 강서구 플러스 자립수당 월 10만원, 대중교통비 월 6만원, 대학입학지원금 300만원, 학업유지비·취업준비금·월세 또는 기숙사비 지원",,,,,,,,,,,
강서구,강서구청 복지지원과,저소득층 이사지원 서비스 까치익스프레스,강서구 관내 이사 저소득층에게 포장이사 서비스를 최대 100만원 한도로 지원,,,,,,,,,,,
강서구,강서구청 복지지원과,저소득층 이사지원 서비스 슬기로운 이사생활,강서구 관내 이사한 생계·의료급여 수급자에게 이사비용 최대 20만원 현금 지원,,,,,,,,,,,
강서구,강서구청 출산보육과,자녀출산 무주택가구 주거비 지원,"2025년 1월1일 이후 자녀를 출산한 서울 거주 무주택 가구에 2년간 월 최대 30만원, 총 최대 720만원 주거비 지원",,,,,180,,,,1,,
강서구,강서구청 출산보육과,서울시 임산부 교통비 지원,"서울시 거주 임산부에게 신용·체크카드 교통비 바우처 지급. 1자녀 70만원, 2자녀 80만원, 3자녀 이상 100만원",,,,,,,,,,,
강서구,강서구청 출산보육과,서울엄마아빠택시 사업,24개월 이하 영아 양육가정에 영아 1인당 연 10만원 대형택시 이용 포인트 지원,,,,,,,,,,,
강서구,강서구청 출산보육과,서울시 1인 자영업자 등 출산·휴가 급여,고용보험 출산급여를 받기 어려운 1인 자영업자 등의 출산·휴가를 지원,,,,,,,,,,,
강서구,강서구청 출산보육과,부모급여,"0세 아동 가정양육 시 월 100만원, 1세 아동 가정양육 시 월 50만원 지급",,,,,,,,,,,
강서구,강서구청 출산보육과,아동수당,9세 미만 아동에게 월 10만원 아동수당 지급,0,8,,,,,,,,,
강서구,강서구청 출산보육과,첫만남이용권,출생아에게 국민행복카드를 통한 첫만남 이용권 지원,,,,,,,,,,,
강서구,강서구청 출산보육과,강서구 임신부 가사돌봄서비스,청소·빨래·설거지 등 기본 가사서비스 및 병원동행서비스를 최대 10회 지원,,,,,,,,,,,
강서구,강서구청 출산보육과,다자녀가정 의료비 지원,5세 이하 셋째아 이상 자녀의 진료비 및 처방 약제비 본인부담금을 자녀 1인당 연 최대 30만원 지원,,,,,,,,,,,
광진구,광진구청 주택과,광진형 청년월세 지원,"광진구에 주민등록된 청년 1인가구에게 실제 월 임차료 범위에서 월 최대 20만원을 최대 24개월, 총 최대 480만원까지 지원",19,39,,,,,,,1,,
광진구,광진구청 주택과,전세보증금 반환보증 보증료 지원(청년),HUG·HF·SGI 전세보증금 반환보증에 가입한 무주택 청년 임차인의 보증료를 지원,19,39,5000,,,,,,1,,
광진구,광진구청 주택과,전세보증금 반환보증 보증료 지원(신혼부부),HUG·HF·SGI 전세보증금 반환보증에 가입한 무주택 신혼부부의 보증료를 지원,,,7500,,,,,1,1,,
광진구,광진구청 부동산정보과,전월세 안심계약 도움서비스,"주택 임대차 계약 예정자·계약자를 대상으로 전세사기 예방 상담, 임대차계약 관련 안내, 확정일자·월세소득공제·계약갱신청구 등 정보를 제공",,,,,,,,,,,
광진구,광진구청 부동산정보과,광진구 전세피해지원센터,전세사기 피해임차인의 피해 접수와 전세사기피해자 결정 신청을 지원하고 관련 주거안정 지원제도와 연계,,,,,,,,,,,
광진구,광진구청 일자리청년과,청년 어학·자격시험 응시료 지원,2026년 어학시험·한국사능력검정시험·국가기술자격·국가공인 민간자격시험 응시료를 1인당 최대 15만원까지 실비 지원,19,39,,,,,,,,,
광진구,광진구청 일자리청년과,청년문화생활바우처,문화·예술·체육·진로체험·취미·기술교육 등에 사용할 수 있는 문화생활비 1인당 10만원 바우처 지원,24,29,,,120,,,,,,
광진구,광진구청 일자리청년과,청년도전지원사업,"장기간 구직을 단념한 청년 등에게 맞춤상담, 진로탐색, 취업역량 강화 프로그램과 과정별 참여수당을 지원",18,39,,,,,,,,,
광진구,광진구청 아동청소년과,자립준비청년 맞춤형 패키지 지원,"자립준비청년에게 정장 구입비 1인 60만원, 학업·취업 지원금 50만원 이내, 종합건강검진 비용 30만원 이내 지원",,,,,,,,,,,
광진구,광진구청 가정복지과,첫돌축하금,"광진구에서 출생하고 계속 거주한 자녀의 첫돌을 축하하기 위해 첫째~셋째 100만원, 넷째 200만원, 다섯째 이상 300만원을 광진사랑상품권으로 1회 지급",,,,,,,,,,,
광진구,광진구청 가정복지과,첫만남이용권,"출생아에게 국민행복카드 포인트로 첫째아 200만원, 둘째아 이상 300만원을 1회 지원",,,,,,,,,,,
광진구,광진구청 가정복지과,부모급여,"2세 미만 아동에게 0세 월 100만원, 1세 월 50만원 지급",,,,,,,,,,,
광진구,광진구청 가정복지과,아동수당,9세 미만 아동에게 소득수준과 관계없이 월 10만원 현금 지급,0,8,,,,,,,,,
광진구,광진구청 가정복지과,가정양육수당,어린이집·유치원·종일제 아이돌봄을 이용하지 않고 가정에서 양육하는 24개월 이상 86개월 미만 아동에게 월 10만원 지급,2,6,,,,,,,,,
광진구,광진구청 가정복지과,영유아 보육료 지원,어린이집을 이용하는 0~5세 영유아의 보육료를 연령별 정부지원단가에 따라 지원,0,5,,,,,,,,,
광진구,광진구청 가정복지과,시간연장형 보육료 지원,야간연장·야간12시간·24시간·휴일보육을 이용하는 아동에게 이용형태에 따른 보육료 지원,0,12,,,,,,,,,
광진구,광진구청 가정복지과,아이돌봄지원사업,가정 내 돌봄이 필요한 가구에 아이돌보미를 파견해 영아종일제 또는 시간제 돌봄서비스 제공,0,12,,,,,,,,,
광진구,광진구보건소 건강관리과,산모·신생아 건강관리 본인부담금 지원,산모·신생아 건강관리서비스 이용 시 본인부담금의 90%를 최대 50만원까지 지원,,,,,,,,,,,
광진구,광진구보건소 건강관리과,서울형 산후조리경비 지원,"출산 산모에게 산후조리 관련 바우처 지원. 첫째 100만원, 둘째 120만원, 셋째 이상 150만원",,,,,,,,,,,
구로구,구로구청 주택과,신혼부부 전세금 대출이자 지원,구로구 거주 무주택 신혼부부에게 전세금 대출잔액의 연 1.5% 범위에서 최대 100만원까지 이자를 지원,,,13000,,,,,1,1,,
구로구,구로구청 주택과,전세보증금 반환보증 보증료 지원(청년),HUG·HF·SGI 전세보증금 반환보증에 가입한 무주택 청년 임차인이 납부한 보증료를 최대 40만원까지 지원,18,39,5000,,,,,,1,,
구로구,구로구청 주택과,전세보증금 반환보증 보증료 지원(신혼부부),HUG·HF·SGI 전세보증금 반환보증에 가입한 무주택 신혼부부가 납부한 보증료를 최대 40만원까지 지원,,,7500,,,,,1,1,,
구로구,구로구청 통합돌봄과,1인가구 전·월세 안심계약 도움서비스,"공인중개사와 함께 전·월세 계약상담, 주거지 탐색 및 집보기 동행 등 안전한 임대차계약을 위한 서비스를 무료 제공",,,,,,,,,,,
구로구,구로구청 일자리지원과,청년 어학 및 국가 자격증 응시료 지원,어학시험 및 국가·공인 자격시험 응시료를 1인당 최대 10만원까지 실비 지원,19,39,,,,,,,,,
구로구,구로구청 복지정책과,희망두배 청년통장,"근로청년이 월 15만원을 2년 또는 3년 저축하면 동일 금액의 근로장려금을 매칭 지원. 2년 총 720만원+이자, 3년 총 1080만원+이자",18,34,,,,,,,,,
구로구,구로구청 장애인복지과,청년내일저축계좌,근로 청년이 월 10만원 이상 자율저축하면 정부가 자격에 따라 매월 10만원 또는 30만원을 추가 적립 지원,15,39,,,,,,,,,
구로구,구로구청 아동청소년과,여성청소년 위생용품 맞춤형 지원,"구로구 여성청소년에게 바우처카드 형태로 월 7000원, 연 최대 7만원 상당의 위생용품 구입비 지원",11,18,,,,,,,,,
구로구,구로구청 아동청소년과,청소년부모 아동양육비 지원,"청소년부모 가정의 자녀 양육비를 지원. 국·시비 사업은 월 25만원, 서울형 사업은 월 20만원, 자립촉진수당은 추가 지원",,24,,,90,,,,,,
구로구,구로구청 가족보육과,부모급여,"2세 미만 아동에게 0세 월 100만원, 1세 월 50만원 지급",0,1,,,,,,,,,
구로구,구로구청 가족보육과,아동수당,9세 미만 아동 1인당 월 10만원 현금 지급,0,8,,,,,,,,,
구로구,구로구청 가족보육과,가정양육수당,어린이집·유치원·종일제 아이돌봄서비스를 이용하지 않는 2세 이상 취학 전 아동에게 월 10만원 지급,2,6,,,,,,,,,
구로구,구로구청 가족보육과,첫만남이용권,"출생아에게 첫째아 200만원, 둘째아 이상 300만원을 국민행복카드 바우처 포인트로 지원",,,,,,,,,,,
구로구,구로구청 가족보육과,다자녀 출생축하금,"구로구에 출생신고한 셋째 이상 신생아에게 셋째아 60만원, 넷째아 이상 200만원을 1회 지원",,,,,,,,,,,
구로구,구로구청 가족보육과,임산부 교통비 지원,"임산부에게 신용·체크카드 바우처로 1자녀 70만원, 2자녀 80만원, 3자녀 100만원의 교통비 지원",,,,,,,,,,,
구로구,구로구청 가족보육과,0~5세 보육료 지원,"어린이집 이용 영유아에게 연령별 보육료를 국민행복카드 바우처로 지원. 2026년 기준 0세반 월 58만4000원, 1세반 51만5000원, 2세반 42만6000원, 3~5세반 월 28만원",0,5,,,,,,,,,
구로구,구로구보건소 건강증진과,임산부 등록·건강관리,"구로구 임산부에게 임신초기검사, 엽산제, 철분제, 임산부 배지·수첩, 자동차표지 등을 지원하고 출산 후 유축기를 2개월 대여",,,,,,,,,,,
구로구,구로구보건소,신혼부부 건강검진,"구로구 신혼부부 또는 예비부부에게 혈액검사, 간기능, B형간염, 매독, 에이즈, 풍진, 흉부X선, 소변검사 등 건강검진을 무료 지원",,,,,,,,,,,
금천구,금천구청 일자리청년과,청년 맞춤형 공공임대주택,금천구가 SH와 협력해 무주택 청년에게 시세보다 저렴한 공공임대주택을 공급. 2026년 하반기 G밸리하우스·소셜믹스형 청년주택 공실 12세대 모집,19,39,,,,,,,1,,
금천구,금천구청 복지지원과,청년 월세 한시특별지원,"부모와 별도 거주하는 청년의 월세 부담 완화를 위해 실제 임대료 범위에서 월 최대 20만원, 최대 24개월 지원",19,34,,,60,,,,1,,
금천구,금천구청 일자리청년과,청년 주거환경 개선사업 SOS 에어컨 클린서비스,금천구 청년가구에 가구당 최대 13만원 이내 에어컨 분해세척 및 고온살균 서비스를 지원,19,39,,,,,,,,,
금천구,금천구청 부동산정보과,전세보증금 반환보증 보증료 지원(청년),HUG·HF·SGI 전세보증금 반환보증에 가입한 무주택 청년이 납부한 보증료 전액을 최대 40만원까지 지원,19,39,5000,,,,,,1,,
금천구,금천구청 부동산정보과,전세보증금 반환보증 보증료 지원(신혼부부),HUG·HF·SGI 전세보증금 반환보증에 가입한 무주택 신혼부부가 납부한 보증료 전액을 최대 40만원까지 지원,,,7500,,,,,1,1,,
금천구,금천구청 주택과,신혼부부 맞춤형 임대주택 공급,금천구와 SH가 소셜믹스형 신혼부부주택 및 도담도담 신혼부부주택 공실세대를 모집해 시세보다 저렴한 임대주택 공급,,,,,,,,1,1,,
금천구,금천구청 일자리청년과,금천형 취업성공키트,"미취업 청년에게 자격시험 준비비 최대 30만원, 취업도전비 최대 10만원, 문화힐링비 최대 10만원을 지원해 1인 최대 50만원까지 모바일 금천G밸리사랑상품권 지급",19,39,,,,,,,,,
금천구,금천구청 가족정책과,1인가구 안심장비 안심홈세트 지원,"주거안전이 필요한 1인가구에 안심장비 세트를 지원하고 전월세환산가액, 소득, 거주유형 등을 심사해 대상자 선정",,,,,,,,,,,
금천구,금천구청 가족정책과,첫만남이용권,"출생아에게 국민행복카드 포인트로 첫째아 200만원, 둘째아 이상 300만원을 지원",,,,,,,,,,,
금천구,금천구청 가족정책과,금천구 출생축하금,"셋째아에게 70만원, 넷째아 이상에게 100만원의 출생축하금을 지원",,,,,,,,,,,
금천구,금천구청 가족정책과,2026년 금천구 출생축하용품 지원,출생아 1명당 5만원 상당의 건강·놀이·생활·수유·안전·이유식 세트 중 1개를 선택해 육아용품 지원,,,,,,,,,,,
금천구,금천구청 가족정책과,부모급여,"2세 미만 아동에게 부모급여 지급. 가정양육 시 현금, 어린이집 이용 시 보육료 바우처, 종일제 아이돌봄 이용 시 아이돌봄 바우처 방식 지원",0,1,,,,,,,,,
금천구,금천구청 가족정책과,가정양육수당,어린이집·유치원·종일제 아이돌봄을 이용하지 않고 가정에서 양육하는 24개월 이상 86개월 미만 일반아동에게 월 10만원 지원,2,6,,,,,,,,,
금천구,금천구청 가족정책과,영유아 보육료 지원,"어린이집 이용 영유아에게 2026년 기준 부모보육료 전액 지원. 0세 월 58만4000원, 1세 51만5000원, 2세 42만6000원, 3~5세 월 28만원",0,5,,,,,,,,,
금천구,금천구보건소 의약과,임신부·출산모·영유아 가정방문 모유수유 지원,"출산가정에 영유아 방문간호사가 먼저 방문한 뒤 모유수유 전문인력을 연계해 유방상태 확인, 1:1 모유수유 교육, 신생아 직접수유 지도 및 가족 상담을 무료 제공",,,,,,,,,,,
노원구,노원구청 청년정책과,노원 도전숙 운영,청년 창업자·문화예술인·사회복지·청년·청소년 시설 종사자에게 공공임대주택을 공급하고 커뮤니티실 공용물품 등을 지원,19,39,,,,,,,,,
노원구,노원구청 부동산정보과,1인가구 중개보수 인하 반값 지원 제도,보증금 1억원 이하 주택 임대차계약 시 중개보수를 반값 수준으로 지원하며 최대 15만원까지 감면,,,,,,,,,,,
노원구,노원구청 청년정책과,미취업청년 어학·자격증 응시료 지원,2026년에 응시한 어학시험·한국사능력검정시험·국가기술자격·국가전문자격·국가공인민간자격 시험 응시료를 1인당 최대 10만원 노원사랑상품권으로 지원,19,39,,,,,,,,,
노원구,노원구청 청년정책과,노원 청년심리상담센터 운영,"청년의 심리·정서적 어려움에 대한 전문 심리상담, 심리검사 및 마음건강 프로그램을 제공",19,39,,,,,,,,,
노원구,노원구청 아동청소년과,자립준비청년 자립정착금 지원,가정위탁·양육시설 보호종료 청년에게 자립정착금 200만원을 1회 지원,,,,,,,,,,,
노원구,노원구청 아동청소년과,자립준비청년 자립수당 지원,가정위탁·양육시설 보호종료 후 5년 이내 자립준비청년에게 매월 50만원 지원,,,,,,,,,,,
노원구,노원구청 아동청소년과,자립준비청년 교통비 지원,자립수당 대상 자립준비청년에게 대중교통비 월 6만원 지원,,,,,,,,,,,
노원구,노원구청 보육가족과,영유아 보육료 지원,"어린이집 이용 0~5세 영유아에게 연령별 보육료 지원. 0세 월 58만4000원, 1세 51만5000원, 2세 42만6000원, 3~5세 월 28만원",0,5,,,,,,,,,
노원구,노원구청 보육가족과,부모급여 지원,"가정양육 시 0~11개월 아동 월 100만원, 12~23개월 아동 월 50만원을 지원",0,1,,,,,,,,,
노원구,노원구청 보육가족과,가정양육수당,어린이집·유치원·종일제 아이돌봄을 이용하지 않고 가정에서 양육하는 24개월 이상 86개월 미만 아동에게 월 10만원 지원,2,6,,,,,,,,,
노원구,노원구청 보육가족과,아동수당,9세 미만 아동에게 월 10만원을 현금으로 지급,0,8,,,,,,,,,
노원구,노원구청 보육가족과,첫만남이용권,"출생아에게 첫째아 200만원, 둘째아 이상 300만원을 국민행복카드 바우처로 지원",,,,,,,,,,,
노원구,노원구청 가족정책과,청소년부모 아동양육비 지원,24세 이하 청소년부모 가정의 자녀 양육비를 지원,,,,,,,,,,,
노원구,노원구청 가족정책과,1인 자영업자 등 임산부 출산급여 지원,고용보험 출산급여를 충분히 받기 어려운 서울시 1인 자영업자 등 임산부에게 출산급여 지원,,,,,,,,,,,
노원구,노원구청 가족정책과,1인 자영업자 등 배우자 출산휴가급여 지원,서울시 1인 자영업자 등의 배우자가 출산 시 출산휴가급여를 지원,,,,,,,,,,,
노원구,노원구청 가족정책과,임산부 교통비 지원,임산부의 교통비 부담 경감을 위한 교통비 바우처 지원,,,,,,,,,,,
노원구,노원구청 가족정책과,다자녀가정 출산축하용품 지원,2자녀 이상 가구에 20만원 상당의 출산용품 지원,,,,,,,,,,,
노원구,노원구청 가족정책과,세자녀 이상 가정 문화상품권 지원,3자녀 이상 가정에 가구원 1인당 모바일 문화상품권 2만원권 지원,,,,,,,,,,,
노원구,노원구청 탄소중립도시과,취약계층 에너지바우처,생계·의료·주거·교육급여 수급가구 중 영유아·임산부·한부모가족 등 세대원 기준을 충족하면 세대원 수에 따라 29만5200원~70만1300원의 에너지비용 지원,,,,,,1,,,,,
도봉구,도봉구청 청년미래과,미취업 청년 어학 및 자격증 응시료 지원,"도봉구 거주 미취업 청년에게 어학시험, 한국사능력검정시험, 국가자격증 등의 응시료를 1인당 연 최대 10만원까지 실비 지원",19,45,,,,,,,,,
도봉구,도봉구청 청년미래과,청년 가게 창업 지원,"도봉구 청년 예비·초기 창업자에게 점포당 최대 2100만원 지원. 리모델링 비용 최대 1500만원, 임차료 최대 600만원 지원",19,45,,,,,,,,,
도봉구,도봉구청 청년미래과,사회적 고립·은둔 청년 희망 프로젝트,"사회적 고립·은둔 상태의 청년에게 사회 참여 활동, 사회 인프라 연계 및 1:1 동행서비스 지원",19,45,,,,,,,,,
도봉구,도봉구청 청년미래과,청년 경제금융 교육,"청년에게 목돈 마련, 전·월세 및 부동산, 보험, 연금 등 실생활 중심 경제·금융 교육을 제공",19,45,,,,,,,,,
도봉구,도봉구청 청년미래과,청년 창업·음악인 지원주택 창동 아우르네 빌리지,청년 창업자·음악인 및 관련 분야 종사자에게 일반 시세보다 저렴한 임대료의 주거공간을 제공,19,39,,,,,,,,,
도봉구,도봉구청 부동산정보과,전월세 안심계약 도움서비스,"주거안심매니저가 전·월세 계약 상담, 주택임대차 계약 관련 정보 제공, 주거지 탐색 및 집보기 동행 등을 지원",,,,,,,,,,,
도봉구,도봉구청 가족정책과,1인가구 안심장비 지원사업,1인가구의 주거안전을 위해 현관문 안전장치와 스마트초인종 또는 가정용 CCTV 중 선택 장비를 지원,,,,,,,,,,,
도봉구,도봉구청 가족정책과,저소득 여성청소년 생리용품 지원,저소득 여성청소년에게 생리용품 구입이 가능한 바우처를 지원,9,24,,,,,,,,,
도봉구,도봉구청 가족정책과,서울형 산후조리경비 지원,"출산 산모에게 첫째 100만원, 둘째 120만원, 셋째 이상 150만원의 산후조리 바우처를 지원",,,,,,,,,,,
도봉구,도봉구청 가족정책과,첫만남이용권,"출생아에게 첫째아 200만원, 둘째아 이상 300만원을 국민행복카드 이용권으로 지원",,,,,,,,,,,
도봉구,도봉구청 가족정책과,부모급여,"2세 미만 아동에게 0세 월 100만원, 1세 월 50만원을 지원",0,1,,,,,,,,,
도봉구,도봉구청 가족정책과,가정양육수당,어린이집·유치원·종일제 아이돌봄서비스를 이용하지 않는 24~85개월 미취학 아동에게 월 10만원 지원,2,6,,,,,,,,,
도봉구,도봉구청 가족정책과,아동수당,9세 미만 아동에게 아동 1명당 월 10만원을 현금으로 지급,0,8,,,,,,,,,
도봉구,도봉구청 가족정책과,서울형 아이돌봄비 지원,"조부모 등 4촌 이내 친인척 돌봄 또는 민간 돌봄서비스 이용 시 영아 1명 월 30만원, 2명 월 45만원, 3명 월 60만원 지원",2,3,,,150,,,,,,
도봉구,도봉구청 가족정책과,서울 엄마아빠택시,24개월 이하 영아 양육가정에 영아 1명당 연 10만원의 대형택시 이용권 지원,0,2,,,,,,,,,
도봉구,도봉구청 가족정책과,서울형 가사서비스,임산부·맞벌이·다자녀 가정에 청소·세탁 등 가사서비스 이용을 위한 연 70만원 상당의 바우처 지원,,,,,180,,,,,,
도봉구,도봉구청 가족정책과,다자녀 아이돌봄 본인부담금 지원,아이돌봄서비스를 이용하는 다자녀가정에 본인부담금 시간당 1000원을 지원,,,,,,,,,,,
동대문구,동대문구청 청년정책고용과,청년 취업 자격취득 활동 지원,미취업 청년의 어학·한국사·국가기술·국가전문·국가공인민간자격·운전면허 등 자격시험 응시를 지원하고 최소 10만원~최대 20만원을 동대문구사랑상품권으로 지급,19,39,,,,,,,,,
동대문구,동대문구청 청년정책고용과,청년도전지원사업,구직단념청년 등에게 진로탐색·상담·취업역량 강화 프로그램을 제공하고 과정에 따라 참여수당 및 인센티브를 지원,18,39,,,,,,,,,
동대문구,동대문구청 가족정책과,1인가구 안심홈세트 지원,현관문 안전고리와 스마트 초인종 또는 가정용 CCTV 중 1개 선택품목을 지원,,,,,,,,,,,
동대문구,동대문구청 가족정책과,2026년 내 안전 지키는 안심헬프미,안심이 앱과 연동되는 휴대용 SOS 안심벨 지원,,,,,,,,,,,
동대문구,동대문구청 가족정책과,첫만남이용권,"출생아에게 첫째아 200만원, 둘째아 이상 300만원을 국민행복카드 포인트로 지원",,,,,,,,,,,
동대문구,동대문구청 가족정책과,2026년 동대문구 출생축하용품 지원,동대문구 출생아에게 20만원 상당 포인트를 지급해 출산·육아용품을 선택 구입할 수 있도록 지원,,,,,,,,,,,
동대문구,동대문구청 가족정책과,부모급여,"0~11개월 아동 월 100만원, 12~23개월 아동 월 50만원 지원",0,1,,,,,,,,,
동대문구,동대문구청 가족정책과,가정양육수당,어린이집·유치원·종일제 아이돌봄을 이용하지 않는 24~85개월 영유아에게 월 10만원 지원,2,6,,,,,,,,,
동대문구,동대문구청 가족정책과,아동수당,9세 미만 아동에게 월 10만원 지급,0,8,,,,,,,,,
중랑구,중랑구 1인가구지원센터,사회적 관계망 형성 지원,사회적 관계망 형성을 위한 1인가구 자조모임 지원,,,,,,,,,,,
중랑구,중랑구 1인가구지원센터,1인가구 교육 및 여가문화 프로그램,"소통, 신체활동, 요리·공예 등 다양한 교육·여가 프로그램",,,,,,,,,,,
중랑구,중랑구 1인가구지원센터,1인가구 식생활 개선 프로그램,1인가구의 식생활 개선을 위한 교육 및 요리실습,,,,,,,,,,,
중랑구,중랑구 1인가구지원센터,1인가구 전·월세 안심계약 도움서비스,"집보기 동행, 전월세 계약상담, 주거지역 여건탐색, 주거정책 안내",,,,,,,,,,,
중랑구,중랑구 1인가구지원센터,1인가구 이사동행 서비스,"이사동행 매니저가 동행하여 이사 당일 전입신고, 하자확인 등 지원",,,,,,,,,,,
중랑구,중랑구 1인가구지원센터,1인가구 안심장비 지원,"현관문 안전장치, 스마트초인종, 가정용 CCTV 등 지원(품목 변동 가능)",,,,,,,,,,,
중랑구,중랑구 1인가구지원센터,여성 1인가구 안심커뮤니티 “솔로세이프”,"여성 1인가구의 고립 예방 및 안전 네트워크 구축을 위한 모임활동
체력증진활동, 자기방어훈련 등 안전활동 진행",,,,,,,,,,,
중랑구,사회복지과,서울시 희망의 집수리,"집수리가 필요한 저소득 가구에 도배, 장판, 창호, 싱크대, 도장 등 집수리를 실시(공사비용 가구당 최대 250만원)",,,,,60,,,,,,
중랑구,한국에너지재단,"저소득층 에너지효율개선사업
","한국에너지재단에서 에너지취약계층 가구에 보일러 교체, 단열, 창호 공사 등을 지원 (가구당 평균 242만원, 최대 330만원 이내)",,,,,,1,,,,,
중구,중구청,중구 대학생 크리에이터 운영,"중구 소재 대학생 및 중구에 주민등록을 둔 대학생
월별 주제에 따른 우리 구 관련 콘텐츠 제작·게시
우리구 축제·행사·프로그램·시설등 기획 취재
‘소셜링데이’운영을 통한 크리에이터 간 사업 기획 및 피드백
※ 콘텐츠 제작 활동비 지원, 우수활동자 표창 등",,,,,,,,,,,
중구,중구청,"예비군 훈련소 수송버스 지원
",중구 예비군의 훈련 입·퇴교 지원을 위한 수송버스 운행,,,,,,,,,,,
중구,중구 가족정책과,자립준비청년지원,"자립준비청년의 안정적인 사회 정착과 자립 지원
자립정착금 지원
자립수당 및 대중교통비 지원
학업유지비 및 취업준비금 지금",,,,,,,,,,,
중구,중구시설관리공단,고립·은둔청년 활동지원! 중구체력인증센터 운영,"대상 : 중구에 거주하는 고립·은둔 청년
체력측정 및 1:1 운동 처방을 통한 체력관리 서비스 제공
맞춤형 체력증진교실 운영",,,,,,,,,,,
중구,중구 생활보장과,저소득계층 대학생 교통비 지원,"학기 중 교통비 일부 현금지원(연 496천원, 반기별 지급)",,,,,,1,,,,,
중구,중구 생활보장과,청년월세 한시 특별지원 사업,"저소득 무주택 청년의 주거비 부담 경감을 위한 월세 지원
월 20만원 임차료 지원(24개월, 최대 480만원)
소득: 원가구 중위소득 100%이하 및 청년독립가구 중위소득 60%이하
재산: 원가구 4억 7천만원 이하 및 청년독립가구 1억 2천2백만원 이하",19,34,,12200,60,,,,1,,
중구,중구청,출산양육지원금,"자녀 출산시 양육 지원금 지급
첫째: 100만원 둘째: 200만원 셋째: 300만원 넷째: 400만원 다섯째이상: 1000만원",,,,,,,,1,,,
중구,서울시,1인가구 전월세 안심계약 도움서비스 신청,"전월세 계약상담 : 주택임대차 계약 유의사항, 등기부등본 점검, 건축물 대장 확인 등
주거지 탐색 지원 : 전월세 형성가 문의, 주변 환경 안내, 건물 입지 분석 등 지원",,,,,,,,,,,
종로구,종로구청,안심귀가스카우트,늦은 밤 귀가하는 여성 및 청소년들의 안전한 귀가를 지원하고 취약 지역을 순찰하여 범죄를 예방하는 서비스,,,,,,,,,,,
종로구,씽글벙글 서울,안심이앱,"긴급신고 , 귀가 모니터링, 안심귀가 스카우트 예약, 안심귀가택시 서비스, 안심택배함 위치 확인",,,,,,,,,,,
종로구,씽글벙글 서울,안심택배함,"어플리케이션 다운로드 후 회원가입 및 사용
(이용자) 안심택배함 주소로 배송지 기재 (반드시 주소 끝부분에 '안심택배함'으로 기재)
(택배업체) 택배함에 이용자(수령인) 휴대폰 번호, 송장번호 입력, 물품 보관
(이용자) 택배도착문자 수신 후 인증번호 입력하여 택배 수령
주민센터 5곳",,,,,,,,,,,
종로구,씽글벙글 서울,안심지킴이집,"위기상황 시 지킴이 집으로 긴급대피, 경찰신고를 통한 위기상황 대처 및 안전귀가 지원
관내 20개소",,,,,,,,,,,
종로구,종로구청,"심야 안심귀가 마을버스
",종로08 (와룡운수) 명륜3가 ↔ 종로5가 (명륜3가종점~샘미용실),,,,,,,,,,,
종로구,종로구청,청년생활 아카데미,청년들의 다양한 욕구에 맞춘 실습 중심의 체험형 교육을 통해 성취감 획득과 자기발견 기회 제공,19,39,,,,,,,,,
종로구,종로청년창업센터,청년정보마당,"입주기업 사무공간 지원 및 창업 관련 컨설팅 프로그램 운영
사무공간 구성: 독립실 2~6인실 / 개방형좌석 / 회의실 / 라운지 등
창업보육 프로그램: 성균관대학교 창업지원단 연계 지원   ",19,39,,,,,,,,,
은평구,은평구청, 은평구 사회적경제허브센터 운영,"은평구 사회적경제허브센터는 상호 호혜와 연대를 기반으로 지역순환경제를 만들어가는 사회적경제 활성화 지원기관입니다. 지역 기반 사회적경제 생태계를 육성하는 것을 목표로 관내 주민 창업과 사회적경제 기업가의 성장을 지원하고, 사회적경제조직 간 네트워킹과 협업을 촉진합니다",,,,,,,,,,,
은평구,은평구청, 가사간병 방문지원사업,"이용 가능 서비스: 신체수발 · 건강 · 가사 · 일상생활 지원
  - 목욕, 대소변, 구강 관리, 옷 입기, 세면, 식사 등 보조, 체위변경, 간단한 재활
    운동 보조, 청소, 식사준비, 양육보조, 외출 동행, 말벗, 생활상담 등 
   - 서비스단가: 시간당 19,000원 ",19,65,,,70,,,,,,
은평구,은평구청, 서울형 손주돌봄수당 지원,"사업내용 : 4촌 이내 친인척(아이 기준) 아이돌봄비 지원, 민간 아이돌봄서비스 이용권 지원
지원범위 : 가정당 영아 3명까지 지원
지원금액 : 영아 1명당 월 30만원 지원(영아2명: 월 45만원, 영아3명 : 월 60만원) ",,,,,150,,,,,,
은평구,은평구 문화의집, 갈현청소년센터 쉼쉼,"참여·자치·여가·문화 등 청소년활동 지원 및 위기청소년 보호 연계 서비스를 제공합니다
ㅇ 온라인 예약을 통해 센터 대관을 무료로 이용할 수 있습니다.
ㅇ 센터 동아리로 선정되면 활동비 및 공연 기회 등 다양한 지원을 받을 수 있습니다.
ㅇ 청소년이 참여할 수 있는 다양한 문화 프로그램을 제공합니다.
ㅇ 청소년운영위원회 등 청소년 자치활동과 역량강화를 지원합니다.
ㅇ 여자청소년 일시쉼터와 위기청소년 조기개입, 상담, 교육, 활동 등을 제공합니다.",9,24,,,,,,,,,
은평구,은평구청, 여성청소년 위생용품 지원,"여성청소년의 건강한 성장지원 및 건강권 보장을 위하여 보건위생용품을 선호하는 제품으로 직접 선택해서 구입할 수 있도록 바우처 ‘국민행복카드’를 통해 구매비용을 지원합니다.
신청일이 속한 달부터 보건위생물품 구매비용을 국민행복카드에 바우처 포인트 연 168,000원 지급(신청시기와 상관없이 일괄 연 168,000원 지급)
신청월에 생성, 1년주기로 소멸됨",,,,,,1,,,,,
은평구,은평구, 은평구평생학습관,"○ 다양한 평생학습 정보를 제공하고, 평생교육 기회를 확대하여 개인의 삶의 질 향상과 나아가 지역 사회의 발전을 도모하기 위한 목적으로 설립된 기관입니다.
○ 다양한 평생학습 프로그램(학습동아리, 숨은고수교실, 은평내일살롱, 어린이영어도서관)에 참여하고 이웃과 소통할 수 있습니다.
  - 내용: 평생학습 프로그램, 어린이영어도서관 운영 및 회의실 대관 등",,,,,,,,,,,
은평구,은평구,은평구민체육센터,"은평구민체육센터를 통하여 다양한 실내 생활체육을 편리하게 이용할 수 있습니다.
ㅇ 은평구민체육센터 내 수영장, 헬스장, 테니스장, 축구장 각종 생활체육시설과 강습 프로그램을 이용할 수 있습니다(이용료 발생).",,,,,,,,,,,
은평구,은평구, 은평형 돌봄SOS,"ㅇ 긴급하고 일시적인 돌봄이 필요한 모든 서울시민
주민의 다양한 돌봄 욕구에 대하여 공공이 주도하여 필요한 서비스를 효율적으로 제공하는 통합창구로 돌봄 사각지대 해소에 목적을 두고 있습니다. 
ㅇ 서비스 비용지원 : 1인 연간 180만원 (중위소득 100%이하 지원, 그 외 시민 자부담)
ㅇ 일시재가서비스, 단기시설서비스, 동행지원서비스, 주거편의서비스, 식사배달서비스",,,,,,,,,,,
은평구,은평구, 법률홈닥터사,"법무부 소속 변호사가 은평구청에 상주하면서 취약계층을 비롯한 주민에게 1차 무료 법률서비스를 제공하는 ‘찾아가는 서민 법률주치의’ 제도입니다.
ㅇ 채권, 채무, 근로관계, 임금, 상속, 유언, 이혼, 친권, 양육권, 손해배상, 개인회생, 파산 등 생활 법률 전반에 관하여 도움을 받으실 수 있습니다.",,,,,,1,,,,,
은평구,은평구,스마트도서관,"도서관을 직접 방문할 필요 없이 별도의 예약절차 없이 지하철역에 설치된 스마트도서관의 비치된 도서를 현장에서 바로 이용할 수 있는 서비스입니다.
ㅇ 기존 도서관 운영시간에 이용이 힘든 주민들에게 06~24시(연중무휴) 도서관 서비스를 확대 제공합니다.",,,,,,,,,,,
영등포구,영등포구청 (청년정책과),영등포 청년 오운완(오늘도 운동 완료) 프로젝트,"영등포구 내 지정 체육시설(헬스, 필라테스, 수영, 크로스핏 등) 이용 수강료의 90% 금액을 환급 지원하여 청년의 건강증진을 지원합니다.",19,39,,,150,,,,,,
영등포구,영등포구 보육지원과,서울엄마아빠택시 지원사업,영아 동승 외출 시 사용할 수 있는 전용 모빌리티(타다 앱) 택시 포인트를 영아 1인당 연 10만 원 상당 지급합니다.,,,,,,,,1,,,
영등포구,영등포구 보육지원과,서울형 산후조리경비 지원,"출산 산모에게 건강관리 서비스, 의약품·건강식품 구매, 산후운동 등에 사용 가능한 100만~150만 원 상당의 바우처 포인트를 지급합니다.",,,,,,,,1,,,
영등포구,영등포주거안심종합센터,주거취약계층 주거상향 지원 및 임시주거지원,"고시원, 반지하, 비비닐집 등 거주자가 공공임대주택으로 이주할 수 있도록 보증금 지원, 이사비·생필품비 지원 및 맞춤형 상담을 제공합니다.",,,,,60,,,,,,
영등포구,서울주거포털,신혼부부 임차보증금 이자지원 사업,영등포구 내 주택 계약 시 임차보증금 대출(최대 3억 원)에 대해 최장 10년간 연 최대 4.0%의 대출 이자를 직접 지원합니다.,,,,,,,,1,,,
양천구,양천구청 (청년정책과),청년 부동산 중개보수 및 이사비 지원사업,"이사 시 소요된 부동산 중개보수 및 이사비용을 생애 1회, 최대 40만 원 한도 내에서 실비로 직접 환급 지원하여 청년의 주거비 부담을 경감합니다.",19,39,,,150,,,,,,
양천구,양천구청 (여성가족과),여성 1인가구 안심홈 세트(스마트 안심키트) 지원 사업,"주거 범죄 예방을 위해 현관문 보조키, 스마트 도어벨, 창문 스토퍼, 휴대용 비상벨 등 가정용 여성안심 안전장치 4종 세트를 무료로 설치·지원합니다.",,,,,,,,,1,,
양천구,양천구청 (여성가족과),양천구 아이돌봄 지원 사업 (본인부담금 완화),"부모의 양육 부담 경감을 위해 만 12세 이하 아동이 있는 가정에 아이돌보미가 방문하여 돌봄 서비스를 제공하며, 정부 지원 비율에 따라 이용료 차등 지원합니다.",,,,,250,,,,,,
양천구,양천구청 (청년정책과),양천구 청년협동조합형 공동체주택 공급,"청년의 자립을 위해 관내 청년 전용 공동체주택을 시세 60~80% 수준 임대료로 공급하며, 최대 10년간 거주 공간을 지원합니다.",19,39,,27300,70,,,,1,,
양천구,양천구청 (주택과),양천구 신혼부부 맞춤형 공동체주택 공급 사업,"양천구 관내에 위치한 맞춤형 공공임대주택을 주변 시세의 50~80% 수준으로 저렴하게 공급하며, 최장 20년간 장기 임대 거주 및 공동체 활동을 지원합니다.",,,,24500,,,,1,1,,
송파구,송파구청 (경제진흥과 청년지원팀),송파 성년출발 지원금,송파구에 거주하는 성년 진입 청년에게 사회 첫출발을 응원하기 위해 1인당 20만 원 상당의 모바일 송파사랑상품권을 1회 지급합니다.,19,,,,,,,,,,
송파구,송파구청 (경제진흥과),송파 청년 취업성공지원금 (취업축하금),"관내 미취업 청년이 미취업 기간을 거쳐 관내외 기업에 취업 성공 시, 직장 안착 및 자립 지원을 위한 지원금 50만 원(송파사랑상품권)을 지급합니다.",19,34,,,,,,,,,
송파구,송파구청 (여성보육과),송파구 주거안전 취약가구 안심장비(안심홈세트) 무상 지원 사업,"주거 범죄 예방을 위해 단독·다세대·연립주택 거주 가구에 스마트 도어벨, 현관문 이중잠금장치, 가정용 CCTV 등 맞춤형 방범 안전장치를 무료로 설치 지원합니다.",,,,40000,,,,,,,
송파구,송파구 육아종합지원센터 (오금·잠실·위례 등),송파구 장난감도서관 및 육아용품 대여 사업,"영유아 가정의 양육 비용 부담 완화를 위해 연회비(1만 원)로 고가의 영유아 장난감, 도서, 백일·돌상 차림 세트 및 육아용품을 기간별 무료 대여 지원합니다.",,,,,,,,,,,
송파구,송파구 주거안심종합센터 (주거상담소),송파구 긴급 임시주택(송파 안심둥지) 운영 지원 사업,"갑작스러운 강제퇴거, 전세사기, 재난 등으로 주거지를 잃은 송파구민에게 최대 3~6개월간 임시 거주 주택을 무상 제공하고 공공임대주택으로의 이주를 연계합니다.",,,,,75,,,,1,,
송파구,송파여성경력개발센터,송파 여성·청년 맞춤형 전문 직업훈련 및 창업 지원,"관내 미취업 여성 및 청년을 대상으로 전문 직업훈련 교육 수강료 전액/일부 무료 지원, 1:1 맞춤형 취업 컨설팅 및 공유 오피스 창업 공간을 제공합니다.",19,,,,,,,,,,
성북구,성북구청 & 고용노동부 협력,성북구 청년도전지원사업,"구직단념 청년을 대상으로 맞춤형 상담, 자기이해, 진로탐색, 취업역량 강화 프로그램을 제공하고, 프로그램 수료 및 취업 시 최대 50만~300만 원 상당의 참여수당 및 인센티브를 지원합니다.",18,39,,,,,,,,,
성북구,성북구청 (생활보장과 자활주거팀),성북구 희망의 집수리 사업,"노후 주택에 거주하는 저소득 주거취약가구를 대상으로 도배, 장판, 단열, 창호, 차양, LED 조명 교체 등 가구당 최대 250만 원 상당의 집수리 공사를 무료로 제공합니다.",,,,,60,,,,,,
성북구,성북구 육아종합지원센터,성북구 육아종합지원센터 장난감도서관 및 부모아이지원서비스,"연회비(1만 원)로 발달 단계별 고가 영유아 장난감 및 백일·돌상 차림 세트를 무료/저가 대여하며, 구립 전문 보육교사의 맞춤형 영유아 실내 놀이 공간 및 부모 상담을 지원합니다.",,,,,,,,1,,,
성북구,성북구청 (여성가족과),성북구 여성 1인가구 안심장비 및 이웃천사 부동산(중개보수 감면) 지원,"주거 범죄 예방을 위한 여성 1인가구 안심키트(스마트 도어벨, 현관문 이중잠금장치 등) 무상 설치와 함께, 성북구 협약 부동산을 통한 저소득 1인가구 임대차 계약 시 중개보수를 무료 또는 감면 지원합니다.",,,,,,,,,1,,
성북구,성북구청 (여성가족과),성북구 저소득 한부모가족 냉·난방비 지원 사업,한부모 여성 및 남성 가구의 주거 생활 안정을 위해 매년 여름철 폭염 대비 냉방비 및 겨울철 한파 대비 난방비를 성북구 구비 예산으로 추가 지원합니다.,,,,,60,,,,,,
성동구,성동구청 아동청년과,성동형 청년 월세 지원 사업,성동구 거주 무주택 청년 가구에게 월 최대 20만 원의 임차료를 연간 최대 240만 원까지 지원하여 주거비 부담을 완화합니다.,19,39,,13000,150,,,,1,,
성동구,성동구청년지원센터,청년 이사차량 지원 사업,관내 이동 또는 성동구 전입 시 12인승 차량 및 운전인력을 무료 제공하여 소규모 이사를 돕습니다 (상·하차 자율).,19,39,,,,,,,,,
성동구,성동구청 여성가족과,1인가구 안심홈세트 및 안심장비 지원,"여성 1인가구 및 스토킹 범죄 피해자 등 주거 취약계층에게 스마트 초인종, 가정용 CCTV, 문림 장치 등 안심 3종 세트를 무료 지원합니다.",,,,,150,,,,,,
성동구,성동구청,신혼부부 주거정착금 지원,성동구에 신규 전입하거나 주거를 마련한 신혼부부에게 주거 비용 부담 완화를 위한 정착금을 대출 이자 지원 및 현금/바우처 지원 형태로 제공합니다.,,,6000,,,,,1,1,,
성동구,성동구 보건소 모자보건팀,임신부 가정 가사돌봄 서비스,"성동구 거주 임신부 가정에 전문 가사관리사를 파견하여 집안일, 청소, 세탁 등 가사 돌봄 서비스를 1회 4시간씩 총 4회 무료 지원합니다.",,,,,,,,,1,,
서대문구,서대문구 1인가구지원센터 (아동청소년과),서대문구 안심장비 지원사업,"서대문구 거주 1인가구 및 범죄피해 가구의 주거 범죄 예방을 위해 안심장비 세트를 무상 지원합니다.스마트 초인종, 가정용 CCTV, 현관문 이중잠금장치, 음성인식 무선비상벨 등을 제공하여 안전한 주거 환경을 조성합니다.",18,,,25000,,,,,1,,
서대문구,서대문구청 청년정책과,서대문구 청년도전 지원사업,"장기 구직 단념 청년에게 맞춤형 프로그램을 제공하여 구직 의욕을 고취시킵니다. 자기이해, 직무탐색, 취업역량 강화 교육을 진행하며 프로그램 이수 시 최대 350만 원의 참여수당 및 인센티브를 지급합니다.",19,39,,,,,,,,,
서대문구,서대문구 보건소 건강증진과,산모·신생아 건강관리 서비스 본인부담금 구비 추가지원,출산가정에 전문 건강관리사를 파견하여 산모의 피로 회복과 신생아 양육을 지원합니다. 정부지원금 외에 산모가 직접 부담해야 하는 본인부담금의 일부 또는 전액을 서대문구 자체 예산으로 추가 환급 지원합니다.,,,,,,,,1,,,
서대문구,서대문구가족센터,다문화가족 자녀 교육활동비 지원사업,"관내 다문화가족 자녀의 학업 소외 방지 및 성장 발달을 위해 교육비를 직접 지원합니다. 교재 구입, 학원 수강, 독서실 이용 등에 사용할 수 있도록 초등·중등·고등학생 자녀 1인당 연간 40만 원~60만 원의 교육활동비를 지급합니다.",,,,,100,,,1,,,
서대문구,서대문구 육아종합지원센터,영유아 장난감 및 맞춤형 육아용품(카시트/백일상) 대여 지원,"영유아 양육 가구의 경제적 부담을 줄이고 양육 친화적 환경을 조성합니다. 안전용품(카시트, 바운서), 대형 장난감, 백일/돌상 상차림 용품을 무료 또는 소액의 연회비(1~2만 원)만으로 연중 대여 지원합니다.",,,,,,,,1,,,
마포구,마포구 1인가구지원센터,마포구 1인가구 안심장비 무상지원,"마포구 거주 여성 및 청년 1인가구의 주거 범죄 예방을 위해 안심장비 세트를 무상 지원합니다. 스마트 초인종, 가정용 CCTV, 현관문 이중잠금장치, 휴대용 무선비상벨 등을 제공하여 주거 안심 환경을 조성합니다.",,,,,,,,,1,,
마포구,마포구 보건소 햇빛센터,산모·신생아 건강관리 서비스 본인부담금 구비 추가지원,"출산가정에 산후조리 전문 건강관리사를 파견하여 산모 회복과 신생아 양육을 지원합니다.
정부지원금 외에 산모가 직접 부담해야 하는 본인부담금의 일부 또는 전액을 마포구 자체 예산으로 환급 지원합니다.",,,,,,,,1,,,
마포구,마포구 육아종합지원센터,영유아 장난감 및 맞춤형 육아용품(카시트/백일상) 대여 지원,"영유아 가구의 경제적 부담을 줄이고 친양육 환경을 조성하기 위해 육아용품을 대여합니다.
대형 장난감, 안전 카시트, 백일/돌상 차림 용품 등을 연회비(1~2만 원) 소액 납부 후 연중 무제한 대여 지원합니다.",,,,,,,,1,,,
마포구,마포구가족센터,다문화가족 자녀 교육활동비 지원사업,"관내 다문화가족 자녀의 학업 소외 예방 및 역량 강화를 위해 교육비를 직접 지원합니다. 교재 구입, 학원 수강료, 독서실 이용료 등으로 사용 가능한 교육활동비를 자녀 1인당 연 40만 원~60만 원 지급합니다.",,,,,100,,,1,,,
마포구,마포주거안심종합센터 주거상담소,MH마포하우징 매입임대주택 및 긴급임시주택 지원,"갑작스러운 퇴거 위기, 재난, 가정폭력 등으로 주거지가 필요한 관내 주민에게 마포구가 직접 확보한 공공임대주택을 제공합니다. 시세보다 현저히 저렴한 보증금과 임대료로 최장 2년 이상 안정적으로 거주할 수 있으며 주거상담 및 생활 지원을 통합 제공합니다.",,,,,100,,,,1,,
마포구,마포여성동행센터,마포여성동행센터 커뮤니티 공간 및 양육자 맘카페 운영 지원,"관내 여성의 권익 증진, 사회참여 및 육아 스트레스 해소를 위해 전용 커뮤니티 공간과 맘카페·빠카페를 무상으로 운영합니다.
양육자 커뮤니티 소모임 지원, 공유주방 활용, 여성 역량 강화 교육 및 성평등 프로그램 참여 기회를 무료로 제공합니다.",,,,,,,,,,,
서초구,서초구청,청년 전월세 보증금 대출이자 지원,"대출잔액 연 2% 이내, 연 최대 100만원",19,39,6000,-,-,0,0,0,1,서초구 소재 주택,
서초구,서초구청,신혼부부 전월세 보증금 대출이자 지원,"대출잔액 연 2% 이내, 연 최대 300만원",-,-,12000,-,-,0,0,1,1,혼인신고 7년 이내,
서초구,서초구청,미취업 청년 자격증 응시료 지원,어학·자격시험 응시료 연 최대 20만원,19,39,-,-,-,0,0,0,0,미취업 청년,
서초구,서초구청,청년인턴 지원사업,기업 실무경험·취업역량 강화,19,39,-,-,-,0,0,0,0,서초구 청년 우대,
서초구,서초구청,청년 주거상담,맞춤형 주거상담·공공주택 정보 제공,19,39,-,-,-,0,0,0,0,청년 주거지원,
서초구,서초구청,고립·은둔 청년 지원,상담·건강·사회관계 회복·자립연계,19,39,-,-,-,0,0,0,0,고립·은둔 청년,
서초구,서초구보건소,임신 사전건강관리 지원,"여성 최대 13만원, 남성 최대 5만원 검사비",20,49,-,-,-,0,0,0,0,혼인 여부 무관,
서초구,서초구보건소,난임부부 시술비 지원-신선배아,신선배아 시술비 회당 최대 110만원,-,-,-,-,-,0,0,1,0,사실혼 포함,
서초구,서초구보건소,난임부부 시술비 지원-동결배아,동결배아 시술비 회당 최대 50만원,-,-,-,-,-,0,0,1,0,사실혼 포함,
서초구,서초구보건소,난임부부 시술비 지원-인공수정,인공수정 시술비 회당 최대 30만원,-,-,-,-,-,0,0,1,0,사실혼 포함,
서초구,서초구보건소,산모·신생아 건강관리 지원,건강관리사 출산가정 방문 산후관리,-,-,-,-,-,0,0,0,0,출산예정 40일 전부터 신청 가능,
서초구,서초구보건소,서초형 산모·신생아 건강관리 본인부담금 지원,본인부담금 90% 범위 지원,-,-,-,-,-,0,0,0,0,서초구 거주기간 조건,
서초구,서초구보건소,서울형 산모 산후조리경비-첫째,산후조리경비 100만원,-,-,-,-,-,0,0,0,0,산모 지원,
서초구,서초구보건소,서울형 산모 산후조리경비-둘째,산후조리경비 120만원,-,-,-,-,-,0,0,0,0,산모 지원,
서초구,서초구보건소,서울형 산모 산후조리경비-셋째 이상,산후조리경비 150만원,-,-,-,-,-,0,0,0,0,산모 지원,
서초구,서초구청,임산부 친환경농산물 지원,친환경농산물 최대 24만원,-,-,-,-,-,0,0,0,0,임신부·출산 산모,
서초구,양재모자건강센터,서초아기 건강첫걸음 기본방문,산모 건강·수유·양육상담 방문서비스,-,-,-,-,-,0,0,0,0,출산가정,
서초구,양재모자건강센터,서초아기 건강첫걸음 지속방문,고위험 임산부·산모 지속 건강·복지관리,-,-,-,-,-,0,0,0,0,고위험 임산부,
서초구,서초구청,청소년 한부모 검정고시 학습지원,검정고시 학습비 연 최대 154만원,-,24,-,-,-,0,0,0,0,청소년 한부모 본인,
서초구,서초구청,청소년 한부모 자립촉진수당,학업·취업활동 시 월 10만원,-,24,-,-,-,0,0,0,0,청소년 한부모 본인,
서초구,서초구청,한부모가족복지시설 생계비,시설 입소 가구 월 10만원,-,-,-,-,63,0,0,0,0,시설 입소 한부모,
서초구,서초구청,저소득 한부모가족 명절격려비,세대당 5만원,-,-,-,-,63,0,0,0,0,생계·의료급여 수급자 일부 제외,
서초구,서초구청,청소년부모 자립촉진수당,학업·직업훈련·취업활동 시 월 지원,-,24,-,-,90,0,0,0,0,부·모 모두 청소년인 가구,
서초구,서초1인가구지원센터,서리풀 문안인사,스마트 돌봄플러그·안부확인,-,-,-,-,-,0,0,0,0,1인가구,
서초구,서초1인가구지원센터,안부문안,음성메시지·전화·방문 안부확인,-,-,-,-,170,0,0,0,0,주거취약 1인가구,
서초구,서초1인가구지원센터,싱글 익스프레스,이사차량·포장이사 지원,-,-,-,-,170,0,0,0,0,서초구 전입·관내 이사 1인가구,
서초구,서초1인가구지원센터,서리풀 클린코치,정리정돈·주거환경 방문 컨설팅,-,-,-,-,170,0,0,0,0,주거취약 1인가구,
서초구,서초1인가구지원센터,전입 1인가구 웰컴기프트,생활용품 구매 지원,-,-,-,-,-,0,0,0,0,전입 1인가구,
서초구,서초1인가구지원센터,서리풀 구직한컷,취업용 증명사진 촬영 지원,19,39,-,-,-,0,0,0,0,구직 청년 1인가구,
서초구,서초1인가구지원센터,싱글싱글 문화교실·아카데미,생활·경제·요리 등 프로그램,-,-,-,-,-,0,0,0,0,1인가구,
서초구,서초1인가구지원센터,싱글싱글 동아리,동아리 활동비 지원,-,-,-,-,-,0,0,0,0,1인가구,
서초구,서초1인가구지원센터,싱글싱글 방탈출,고립·은둔 1인가구 발굴 및 지원,-,-,-,-,-,0,0,0,0,1인가구,
서초구,서초1인가구지원센터,서포터즈 포미단,1인가구 사회참여 활동 지원,-,-,-,-,-,0,0,0,0,1인가구,
서초구,서초구청,희망저축계좌Ⅰ,본인 저축액에 근로소득장려금 매칭,-,-,-,-,40,1,0,0,0,생계·의료급여 근로가구,
서초구,서초구청,희망저축계좌Ⅱ,저소득 근로가구 자산형성 지원,-,-,-,-,50,0,0,0,0,주거·교육급여 및 차상위,
서초구,서초구청,청년내일저축계좌,저소득 근로청년 저축액에 정부지원금 매칭,15,39,-,-,100,0,0,0,0,소득구간별 지원액 차등,
서초구,서초구청,기초생활보장 생계급여,소득인정액 기준 생계비 지원,-,-,-,-,32,1,0,0,0,기초생활보장,
서초구,서초구청,기초생활보장 의료급여,수급가구 의료비 지원,-,-,-,-,40,1,0,0,0,기초생활보장,
서초구,서초구청,기초생활보장 주거급여,임차료·주택수선비 지원,-,-,-,-,48,1,0,0,0,주거복지,
서초구,서초구청,차상위계층 지원,생활·공공요금 감면 및 복지서비스 연계,-,-,-,-,50,0,0,0,0,차상위계층,
서초구,서초구청,가사·간병 방문지원,취약계층 가사·간병 방문서비스,-,-,-,-,-,0,0,0,0,저소득·취약계층,
서초구,서초구청,긴급복지지원,위기가구 생계·의료·주거 등 긴급지원,-,-,-,-,-,0,0,0,0,위기사유 필요,
서초구,서초구청,서울형 긴급복지,국가 긴급복지보다 완화된 기준으로 긴급지원,-,-,-,-,100,0,0,0,0,위기가구,
서초구,서초구청,서울형 주택바우처,저소득 월세가구 임대료 일부 지원,-,-,-,-,-,0,0,0,1,민간월세 저소득가구,
서초구,서초구청,1:1 결연사업,후원자 결연을 통한 생활비·물품 등 지원,-,-,-,-,-,0,0,0,0,저소득 주민,
서초구,서초구청,푸드마켓,식품·생활용품 지원,-,-,-,-,-,0,0,0,0,저소득 주민,
서초구,서초구청,서리풀 뚝딱이,1인가구 간단 집수리·주거생활 지원,-,-,-,-,-,0,0,0,0,1인가구,
서초구,서초구청,서리풀 보디가드,1인가구 안전지원,-,-,-,-,-,0,0,0,0,1인가구,
서초구,서초구청,서리풀 카운슬러,1인가구 심리상담·정서지원,-,-,-,-,-,0,0,0,0,1인가구,
서초구,서초구청,폭력피해여성 지원,가정폭력·성폭력 피해 상담·보호·복지연계,-,-,-,-,-,0,0,0,0,피해여성,
서초구,서초구청,아빠육아휴직장려금,육아휴직 중인 아빠 장려금 지원,-,-,-,-,-,0,0,0,0,부모 본인 지원,
관악구,관악구청,관악형 청년 월세 지원-1인가구,"월 최대 20만원, 최대 12개월·총 240만원",19,39,-,13000,150,0,0,0,1,"무주택 청년 1인가구, 보증금·월세 기준 적용",
관악구,관악구청,관악형 청년 월세 지원-신혼부부,"월 최대 20만원, 최대 12개월·총 240만원",19,39,-,13000,150,0,0,1,1,"청년 신혼부부, 2026년 별도 선발",
관악구,관악구청,청년 주거환경개선비 지원,청소·방역·소독 등 주거환경 개선비 최대 20만원,19,39,-,-,-,0,0,0,1,"자부담 10%, 관악구 전입·이사 청년 등",
관악구,관악구청,청년안심주택,청년에게 시세보다 저렴한 임대주택 공급,19,39,-,-,-,0,0,0,1,공급유형별 소득·자산기준 상이,
관악구,관악구청,수요자 맞춤형 임대주택,청년·중장년 1인가구 대상 SH 맞춤형 임대주택 공급,-,-,-,-,-,0,0,0,1,청년·중장년 1인가구 주거안정 지원,
관악구,관악구청,전월세 안심계약 도움서비스,전월세 계약상담·주거지 탐색·안심동행·주거정책 안내,-,-,-,-,-,0,0,0,0,관악구 거주 또는 거주 예정 1인가구,
관악구,관악구청,부동산 분쟁조정상담,임대차보호법 및 부동산 관련 분쟁상담,-,-,-,-,-,0,0,0,0,1인가구지원센터 연계,
관악구,관악구청,청년 주거 기초교육,주거상식·집수리·공구사용·정리수납·생활교육,19,39,-,-,-,0,0,0,0,관악구 거주 청년 1인가구,
관악구,관악구청,청년 어학·자격시험 응시료 지원,어학·자격시험 응시료 연 최대 10만원 실비,19,39,-,-,-,0,0,0,0,관악구 거주 미취업 청년,
관악구,관악구청,으뜸관악 청년통장,본인 저축액에 동일 금액 매칭 적립,18,34,-,-,-,0,0,0,0,관악구 거주 근로청년,
관악구,관악구청,희망두배 청년통장,월 저축액과 동일 금액을 매칭하여 자산형성 지원,18,34,3060,-,-,0,0,0,0,"본인소득 월 255만원 이하, 부양의무자 소득·재산기준 별도",
관악구,관악구청,청년내일저축계좌-차상위 이하,월 10만원 이상 저축 시 정부지원금 월 30만원 적립,15,39,-,-,50,1,0,0,0,월 10만원 이상 근로·사업소득 필요,
관악구,관악구청,희망저축계좌Ⅱ,"근로 저소득가구 자산형성, 근로소득장려금 지원",-,-,-,-,50,0,0,0,0,주거·교육급여 수급가구 및 차상위 근로가구,
관악구,관악구청,관악 디딤돌 청년 일자리,청년 일경험 제공 및 취업연계,-,-,-,-,-,0,0,0,0,청년 취업지원,
관악구,관악구청,관악형 청년 취·창업 아카데미,취업·창업 실무교육 및 역량강화,-,-,-,-,-,0,0,0,0,청년 취·창업 지원,
관악구,관악구청,청년도전지원사업 관악에서 잡(JOB)아라,구직단념 청년 상담·교육·취업역량 지원,-,-,-,-,-,0,0,0,0,장기 미취업·구직단념 청년 등,
관악구,관악구청,청년성장프로젝트,미취업·초기취업 청년의 취업·직장적응 지원,-,-,-,-,-,0,0,0,0,청년지원,
관악구,관악구청,서울 디지털 인재 이음 취업캠프,디지털 분야 실무교육 및 취업연계,-,-,-,-,-,0,0,0,0,청년 취업지원,
관악구,관악구청,AI 기반 자기소개서 코칭,AI 기반 자기소개서 분석·첨삭·취업코칭,-,-,-,-,-,0,0,0,0,청년 구직지원,
관악구,관악구보건소,임신 사전건강관리 지원-여성,난소기능검사·부인과 초음파 등 검사비 지원,20,49,-,-,-,0,0,0,0,혼인·자녀 여부 무관,
관악구,관악구보건소,임신 사전건강관리 지원-남성,정액검사 등 검사비 지원,20,49,-,-,-,0,0,0,0,혼인 여부 무관,
관악구,관악구보건소,임산부 백일해 무료 예방접종,Tdap 예방접종 1회 무료,-,-,-,-,-,0,0,0,0,임신 27~36주 또는 출산 후 일정기간 산모,
관악구,관악구보건소,임산부 배우자 백일해 무료 예방접종,Tdap 예방접종 1회 무료,-,-,-,-,-,0,0,1,0,최근 10년 이내 접종력 없는 배우자 등,
관악구,관악구청,임산부 친환경농산물 지원,임산부·출산 산모 친환경농산물 지원,-,-,-,-,-,0,0,0,0,2026년 지원사업,
관악구,관악구청,서울형 산후조리경비-첫째,산모에게 100만원 바우처 지원,-,-,-,-,-,0,0,0,0,서울시 거주 등 기준 적용,
관악구,관악구청,서울형 산후조리경비-둘째,산모에게 120만원 바우처 지원,-,-,-,-,-,0,0,0,0,서울시 거주 등 기준 적용,
관악구,관악구청,서울형 산후조리경비-셋째 이상,산모에게 150만원 바우처 지원,-,-,-,-,-,0,0,0,0,서울시 거주 등 기준 적용,
관악구,관악구보건소,산후 모유수유 1:1 상담,전문가의 맞춤형 모유수유 상담,-,-,-,-,-,0,0,0,0,출산 후 산모 대상,
관악구,관악구보건소,영양플러스,임산부·출산부 영양교육 및 보충식품 지원,-,-,-,-,-,0,0,0,0,소득 및 영양위험요인 등 별도 기준,
관악구,관악구청,청소년 한부모 검정고시 학습지원,검정고시 준비 부모 학습비 연 최대 154만원,-,24,-,-,65,0,0,0,0,청소년 한부모 본인 지원,
관악구,관악구청,청소년 한부모 고등학생 교육비,청소년 한부모 본인의 입학금·수업료 실비 지원,-,24,-,-,65,0,0,0,0,무상교육 대상 학교 등은 제외,
관악구,관악구청,청소년 한부모 자립촉진수당,학업·취업활동 시 월 10만원 지원,-,24,-,-,65,0,0,0,0,청소년 한부모 본인 지원,
관악구,관악구청,1인가구지원센터 활성화,상담·교육·생활·사회관계망 프로그램 등 종합지원,-,-,-,-,-,0,0,0,0,관악구 거주 또는 거주 예정 1인가구,
관악구,관악구청,1인가구 안심장비 지원,스마트초인종·가정용 홈카메라 등 안심장비 지원,-,-,-,-,-,0,0,0,0,관악구 거주 범죄취약 1인가구,
관악구,관악구청,안심택배함 운영,무인택배 보관함을 통한 안전한 택배수령 지원,-,-,-,-,-,0,0,0,0,관악구민 누구나 이용 가능,
관악구,관악구청,중장년 1인가구 IoT 스마트 돌봄서비스,스마트기술을 활용한 주기적 안부확인 및 고독사 예방,-,-,-,-,-,0,0,0,0,고독사 위험 1인가구,
관악구,관악구청,IoT 스마트플러그 안부확인,전력사용량 변화를 확인해 위험신호 모니터링,-,-,-,-,-,0,0,0,0,고립·고독사 위험가구 중심,
관악구,관악구청,돌봄SOS,일시재가·단기시설·동행·주거편의·식사배달 등 맞춤돌봄,-,-,-,-,100,0,0,0,0,"중위소득 100% 이하 전액지원, 그 외 본인부담",
관악구,관악구청,건강한 청년 Green 밥상,영양교육·저탄소 식생활·요리실습,-,-,-,-,-,0,0,0,0,관악구 청년 및 1인가구,
관악구,관악구청,1인가구 소통공간 씽글벙글 사랑방,휴식·만남·커뮤니티 공간 제공,-,-,-,-,-,0,0,0,0,관악구 거주 또는 생활권 1인가구,
관악구,관악구청,청년 1인가구 e스포츠대회,청년 1인가구 사회관계망 형성 프로그램,-,-,-,-,-,0,0,0,0,2026년 1인가구 관계망 사업,
관악구,관악구청,1인가구 공식 소개팅,1인가구 만남·교류·사회적 관계망 형성 지원,-,-,-,-,-,0,0,0,0,1인가구 관계망 사업,
관악구,관악구청,1인가구 안전생활환경 조성,범죄·생활안전 관련 환경개선 및 안전지원,-,-,-,-,-,0,0,0,0,1인가구 안전지원,
관악구,관악구청,관악형 온라인 플랫폼,1인가구 온라인·오프라인 소통·관계망 지원,-,-,-,-,-,0,0,0,0,외로움·고립 예방,
관악구,관악구청,안전취약가구 안전점검·정비,전기·가스·보일러 안전점검 및 노후시설 정비,-,-,-,-,-,1,0,0,0,기초생활수급·차상위 등 안전취약가구,
관악구,관악구청,국가형 긴급복지,위기가구에 생계·의료·주거 등 긴급지원,-,-,-,24100,75,0,0,0,0,소득·재산·금융재산·위기사유 기준 적용,
관악구,관악구청,서울형 긴급복지,국가형보다 완화된 기준으로 생계·의료·주거 등 긴급지원,-,-,-,40900,100,0,0,0,0,국가 긴급복지 사각지대 보완,
동작구,노량진청년일자리센터,청년 취업지원 프로그램,자기소개서·면접·직무준비 지원,-,-,-,-,-,0,0,0,0,2026 주요업무계획,
동작구,노량진청년일자리센터,청년 취업특강,취업전략·직무·면접 특강,-,-,-,-,-,0,0,0,0,맞춤형 취업지원,
동작구,동작구청,동작구 청년 맞춤형 공공주택,청년 대상 공공주택 입주지원,-,-,-,-,-,0,0,0,1,2026년 입주자 모집,
동작구,동작구청,동작형 청년신혼부부 전세임대주택,청년 신혼부부 전세임대주택 공급,-,-,-,-,-,0,0,1,1,2026년 입주대상자 선정,
동작구,동작구청,SH 행복주택 임대료 지원,행복주택 입주자 임대료 지원,-,-,-,-,-,0,0,0,1,행복주택 입주자 대상,
동작구,동작구보건소,임신 사전건강관리 지원-여성,난소기능검사·부인과 초음파 등 검사비 지원,20,49,-,-,-,0,0,0,0,2026년 운영,
동작구,동작구보건소,임신 사전건강관리 지원-남성,정액검사 등 검사비 지원,20,49,-,-,-,0,0,0,0,2026년 운영,
동작구,동작구보건소,여성 HPV 검사비 지원,HPV 검사 본인부담금 최대 3만원,-,-,-,-,-,0,0,0,0,임신 사전건강관리 참여 여성 대상,
동작구,동작구청,임산부 친환경농산물 꾸러미 지원,임신부·출산 산모 친환경농산물 지원,-,-,-,-,-,0,0,0,0,2026년 모집,
동작구,동작구보건소,서울형 산후조리경비,출산 산모 산후조리 바우처 지원,-,-,-,-,-,0,0,0,0,출산일부터 180일 이내 신청,
동작구,동작구보건소,서울형 산후조리경비-유산·사산,임신 16주 이후 유산·사산 산모 지원,-,-,-,-,-,0,0,0,0,확인일로부터 180일 이내 신청,
동작구,동작구보건소,동작 아이맘 산후조리교실,산후회복·건강관리 등 교육,-,-,-,-,-,0,0,0,0,임산부·출산가정 대상,
동작구,동작구청,청년내일저축계좌,월 10만원 저축 시 정부지원금 매칭,15,39,-,-,50,0,0,0,0,2026년 중위소득 50% 이하 근로청년 신규모집,
동작구,동작구청,희망두배 청년통장,근로청년 저축액에 매칭지원,-,-,-,-,-,0,0,0,0,청년 자산형성,
동작구,동작구청,희망저축계좌Ⅰ,생계·의료급여 근로가구 자산형성 지원,-,-,-,-,40,1,0,0,0,근로활동 조건,
동작구,동작구청,희망저축계좌Ⅱ,주거·교육급여·차상위 근로가구 자산형성 지원,-,-,-,-,50,0,0,0,0,근로·사업소득 필요,
동작구,동작구청,기초생활보장 생계급여,소득인정액에 따른 생계비 지원,-,-,-,-,32,1,0,0,0,기초생활보장,
동작구,동작구청,기초생활보장 의료급여,의료비 지원,-,-,-,-,40,1,0,0,0,기초생활보장,
동작구,동작구청,기초생활보장 주거급여,임차료·주택수선 지원,-,-,-,-,48,1,0,0,0,주거복지,
동작구,동작구청,차상위계층 지원,생활·요금감면·복지서비스 연계,-,-,-,-,50,0,0,0,0,차상위계층,
동작구,동작구청,국가형 긴급복지,위기가구 생계·의료·주거 등 긴급지원,-,-,-,-,75,0,0,0,0,소득·재산·위기사유 기준 적용,
동작구,동작구청,서울형 긴급복지,국가형보다 완화된 기준으로 긴급지원,-,-,-,-,100,0,0,0,0,위기가구,
동작구,동작구청,가사·간병 방문지원,저소득·취약계층 가사·간병서비스,-,-,-,-,-,0,0,0,0,취약계층,
동작구,동작구청,서울형 주택바우처,저소득 월세가구 임대료 일부 지원,-,-,-,-,-,0,0,0,1,민간월세 저소득가구,
동작구,동작종합사회복지관,청춘온(ON) 동작,청년 1인가구 관계망·모임 지원,-,-,-,-,-,0,0,0,0,청년 1인가구,
동작구,동작구가족센터,1인가구 지원사업,상담·생활·사회관계망 프로그램,-,-,-,-,-,0,0,0,0,동작구 1인가구,
동작구,동작구청,청소년 한부모 검정고시 학습지원,검정고시 준비 부모 학습비 지원,-,24,-,-,65,0,0,0,0,청소년 한부모 본인,
동작구,동작구청,청소년 한부모 자립촉진수당,학업·취업활동 중 부모에게 월 지원,-,24,-,-,65,0,0,0,0,청소년 한부모 본인,
동작구,동작구청,저소득 한부모가족 명절지원,저소득 한부모가구 명절 위문·지원,-,-,-,-,-,0,0,0,0,"아동 직접급여 제외, 가구지원만 포함",
용산구,용산구청,청년 국가자격증·어학시험 응시료 지원,국가자격·민간자격·어학·한국사 등 응시료 연 최대 10만원,19,39,-,-,-,0,0,0,0,용산구 거주 미취업 청년,
용산구,용산청년지음,청년도전지원사업,맞춤형 상담·교육·취업지원 및 참여수당 지원,18,39,-,-,-,0,0,0,0,"18~34세 미취업 청년 중심, 지역특화는 35~39세 포함",
용산구,용산구청,AI 콘텐츠 제작 실무인재 양성과정,포토샵·일러스트·AI 콘텐츠·영상편집 교육비 전액 무료 및 취업연계,-,-,-,-,-,0,0,0,0,용산구 거주 청년 및 일부 40대 포함,
용산구,용산청년지음,AI 채용솔루션,자기분석·기업분석·자소서 첨삭·AI 역량면접 지원,-,-,-,-,-,0,0,0,0,취업 준비자 대상,
용산구,용산구청,용산 청년 든든케어-심리상담,1인당 심리상담 4회 지원,19,39,-,-,-,0,0,0,0,"용산구 거주 또는 활동 청년, 2026.3.23~12.11",
용산구,용산구청,용산 청년 든든케어-법률·세무상담,법률·세무 비대면 상담 1회 지원,19,39,-,-,-,0,0,0,0,용산구 거주 또는 활동 청년,
용산구,용산구청,처음 만나는 청년 재테크 High,청년 대상 자산관리·투자·절세계좌·포트폴리오 교육,19,39,-,-,-,0,0,0,0,용산구 거주 또는 활동 청년,
용산구,용산청년지음,청년 진로설계 프로그램,자기탐색·AI 활용 직업탐색·진로목표 설계,-,-,-,-,-,0,0,0,0,2026년 용산청년지음 운영,
용산구,용산구청,청년기업 융자지원,청년기업 대상 저금리 융자지원,-,-,-,-,-,0,0,0,0,2026년 청년기업 융자금리 1% 수준,
용산구,용산구청,N잡 컴퍼니,청년의 다양한 직무·N잡 경험 및 진로탐색 지원,-,-,-,-,-,0,0,0,0,2026 청년정책,
용산구,용산구청,공인중개사 1일 체험 프로그램,부동산·공인중개 직무 현장체험 지원,-,-,-,-,-,0,0,0,0,2026 청년 진로지원,
용산구,용산구청,청년정책 팝업스토어,청년 일자리·주거·복지정책 현장 상담 및 정보 제공,-,-,-,-,-,0,0,0,0,청년정책 정보지원,
용산구,용산구청,희망두배 청년통장,본인 저축액과 동일 금액 매칭 적립,18,34,-,-,-,0,0,0,0,근로청년 자산형성,
용산구,용산구청,청년내일저축계좌-차상위 이하,월 10만원 이상 저축 시 정부지원금 월 30만원,15,39,-,-,50,1,0,0,0,근로·사업소득 필요,
용산구,용산구청,희망저축계좌Ⅰ,생계·의료급여 근로가구 저축액에 근로소득장려금 매칭,-,-,-,-,40,1,0,0,0,근로활동 생계·의료급여 가구,
용산구,용산구청,희망저축계좌Ⅱ,주거·교육급여 및 차상위 근로가구 자산형성 지원,-,-,-,-,50,0,0,0,0,근로·사업소득 필요,
용산구,용산구가족센터,1인가구 자조모임 가치해요,"월별 모임 활동비 지원, 회기당 1인 최대 3만원·월 최대 5만원",-,-,-,-,-,0,0,0,0,서울 거주 또는 생활권 1인가구,
용산구,용산구1인가구지원센터,1인가구 사회적관계망 형성사업,자조모임·교류활동·사회참여 지원,-,-,-,-,-,0,0,0,0,용산구 1인가구지원센터 운영,
용산구,용산구가족센터,취약 1인가구·한부모 모여쉼,취약 1인가구·한부모가족 자조모임 및 관계망 지원,-,-,-,-,-,0,0,0,0,한부모 부모·1인가구 중심,
용산구,용산구청,전월세 안심계약 도움서비스,주거지 탐색·임대차계약 상담·현장동행·주거정책 안내,-,-,-,-,-,0,0,0,0,청년·1인가구 등 이용 가능,
용산구,용산구청,서울형 주택바우처,저소득 민간월세가구 임대료 일부 지원,-,-,-,-,-,0,0,0,1,민간월세 저소득가구,
용산구,용산구청,기초생활보장 생계급여,소득인정액에 따른 생계비 지원,-,-,-,-,32,1,0,0,0,기초생활보장,
용산구,용산구청,기초생활보장 의료급여,수급가구 의료비 지원,-,-,-,-,40,1,0,0,0,기초생활보장,
용산구,용산구청,기초생활보장 주거급여,임차료 및 주택수선비 지원,-,-,-,-,48,1,0,0,0,주거복지,
용산구,용산구청,차상위계층 지원,생활·공공요금 감면·각종 복지서비스 연계,-,-,-,-,50,0,0,0,0,차상위계층,
용산구,용산구청,국가형 긴급복지,위기가구 생계·의료·주거 등 긴급지원,-,-,-,24100,75,0,0,0,0,소득·재산·위기사유 기준 적용,
용산구,용산구청,서울형 긴급복지,국가형보다 완화된 기준으로 생계·의료·주거 긴급지원,-,-,-,40900,100,0,0,0,0,위기가구,
용산구,용산구청,가사·간병 방문지원,저소득·취약계층 가사·간병 방문서비스,-,-,-,-,-,0,0,0,0,저소득·취약계층,
용산구,용산구청,온용산 이사비 지원,기초생활보장 수급가구 등 취약계층 이사비 지원,-,-,-,-,-,1,0,0,0,용산구 저소득 취약가구,
용산구,용산구청,저소득층 명절 위문금,설·추석 등 명절에 저소득 가구 위문금 지원,-,-,-,-,-,1,0,0,0,기초생활수급가구 중심,
용산구,용산구청,저소득층 건강보험료 지원,저소득 취약가구 건강보험료 일부 지원,-,-,-,-,-,0,0,0,0,세부 대상별 조건 상이,
용산구,용산구보건소,임신 사전건강관리 지원-여성,난소기능검사·부인과 초음파 등 검사비 지원,20,49,-,-,-,0,0,0,0,혼인 여부 무관,
용산구,용산구보건소,임신 사전건강관리 지원-남성,정액검사 등 검사비 지원,20,49,-,-,-,0,0,0,0,혼인 여부 무관,
용산구,용산구보건소,난임부부 시술비 지원-신선배아,체외수정 신선배아 시술비 지원,-,-,-,-,-,0,0,1,0,사실혼 포함,
용산구,용산구보건소,난임부부 시술비 지원-동결배아,체외수정 동결배아 시술비 지원,-,-,-,-,-,0,0,1,0,사실혼 포함,
용산구,용산구보건소,난임부부 시술비 지원-인공수정,인공수정 시술비 지원,-,-,-,-,-,0,0,1,0,사실혼 포함,
용산구,용산구보건소,산모·신생아 건강관리 지원,건강관리사 출산가정 방문 산후·신생아 관리,-,-,-,-,-,0,0,0,0,출산가정,
용산구,용산구보건소,서울형 산모 산후조리경비-첫째,산모 산후조리경비 100만원 바우처,-,-,-,-,-,0,0,0,0,서울시 거주 산모,
용산구,용산구보건소,서울형 산모 산후조리경비-둘째,산모 산후조리경비 120만원 바우처,-,-,-,-,-,0,0,0,0,2026년 차등지원,
용산구,용산구보건소,서울형 산모 산후조리경비-셋째 이상,산모 산후조리경비 150만원 바우처,-,-,-,-,-,0,0,0,0,2026년 차등지원,
용산구,용산구청,임산부 친환경농산물 지원,임신부·출산 산모에게 친환경농산물 꾸러미 지원,-,-,-,-,-,0,0,0,0,임신부·출산 산모,
용산구,용산구보건소,영양플러스,임산부·출산부 영양교육 및 보충식품 지원,-,-,-,-,-,0,0,0,0,영양위험 및 소득조건 별도,
용산구,용산구청,청소년 한부모 검정고시 학습지원,청소년 한부모 본인의 검정고시 학습비 지원,-,24,-,-,65,0,0,0,0,부모 본인 지원,
용산구,용산구청,청소년 한부모 고등학생 교육비,청소년 한부모 본인의 입학금·수업료 지원,-,24,-,-,65,0,0,0,0,부모 본인 지원,
용산구,용산구청,청소년 한부모 자립촉진수당,학업·취업활동 중인 청소년 한부모에게 월 지원,-,24,-,-,65,0,0,0,0,부모 본인 지원,
용산구,용산구청,저소득 한부모가족 명절지원,저소득 한부모가구 명절 위문·생활지원,-,-,-,-,-,0,0,0,0,"아동 직접급여 제외, 가구지원만 포함",
용산구,용산여성인력개발센터,AI 콘텐츠 제작 실무인재 취업연계,전문교육 후 기업 취업연계 지원,-,-,-,-,-,0,0,0,0,교육비 전액 무료,
용산구,용산여성인력개발센터,커리어코칭,버크만 진단 및 전문가 커리어코칭 무료 제공,-,-,-,-,-,0,0,0,0,"재직여성 우선, 구직여성 참여 가능",
강남구,강남구청,미취업 청년 어학·자격시험 응시료 지원,2026년 응시 시험 응시료 1인 최대 20만원 실비지원,19,39,-,-,-,0,0,0,0,"강남구 거주 미취업 청년, 2026년 1,500명 규모",
강남구,강남구청,공공분야 실무 청년 행정인턴,구청·공단·재단·센터 등 공공분야 근무 및 실무경험 제공,19,39,-,-,-,0,0,0,0,"강남구 거주 미취업 청년, 2026년 생활임금 적용",
강남구,강남구청,강남재직청년 성장지원금 커리어-업,재직 청년 직무·경력 성장 지원,19,39,-,-,-,0,0,0,0,2026~2030 청년정책,
강남구,강남구청,청년 AI 튜터 인턴십,AI 관련 직무교육 및 인턴 실무경험 지원,19,39,-,-,-,0,0,0,0,2026~2030 청년정책,
강남구,강남구청,청년특화 창업자 대출이자지원,청년 창업자의 사업자금 대출이자 부담 지원,19,39,-,-,-,0,0,0,0,청년 창업자 지원,
강남구,강남구청,청년 부동산 중개보수 및 이사비 지원,청년의 중개보수·이사비 부담 경감 지원,19,39,-,-,-,0,0,0,0,2026~2030 청년 주거정책,
강남구,강남구청,청년 전월세 대출이자 지원,"1억원 이내 전월세대출 이자 연 2%, 연 최대 200만원·최장 3년",19,39,6000,-,-,0,0,0,1,"강남구 소재 주택, 보증금 3억원 이하 또는 60㎡ 이하",
강남구,강남구청,신혼부부 전월세 대출이자 지원,"1억5천만원 이내 전월세대출 이자 연 2%, 연 최대 300만원·최장 3년",-,-,13000,-,-,0,0,1,1,"혼인신고 7년 이내, 보증금 7억원 이하 또는 85㎡ 이하",
강남구,강남구청,국토부 청년월세 지원,"실제 납부 월세 월 최대 20만원, 최대 24개월 지원",19,34,-,12200,60,0,0,0,1,"청년독립가구 중위소득 60% 이하, 원가구 100% 이하·재산 4억7000만원 이하",
강남구,강남구청,희망두배 청년통장,"월 15만원 저축 시 동일 금액 매칭, 2년 또는 3년 적립",18,34,-,-,-,0,0,0,0,부양의무자 소득 연 1억원 미만·재산 9억원 미만 등 별도조건,
강남구,강남구청,청년내일저축계좌-차상위 이하,월 10만원 이상 저축 시 정부지원금 월 30만원 적립,15,39,-,-,50,1,0,0,0,근로·사업소득 필요,
강남구,강남구청,희망저축계좌Ⅰ,월 10만원 이상 저축 시 정부 30만원+강남구 5만원 추가 매칭,-,-,-,-,40,1,0,0,0,"생계·의료급여 근로가구, 3년 유지 시 강남구 자체지원 최대 180만원 추가",
강남구,강남구청,희망저축계좌Ⅱ,주거·교육급여·차상위 근로가구 자산형성 지원,-,-,-,-,50,0,0,0,0,근로·사업소득 필요,
강남구,강남구청,사회초년생 자립지원 교육,청년의 주거·금융·생활 자립역량 교육,19,39,-,-,-,0,0,0,0,2026~2030 청년정책,
강남구,강남구청,강남 청년 미래산업 역량강화 아카데미,미래산업 분야 전문 직무교육 지원,19,39,-,-,-,0,0,0,0,청년 취업역량 강화,
강남구,강남구청,혁신인재 육성 아카데미,청년 대상 전문직무·취업교육 지원,19,39,-,-,-,0,0,0,0,2026~2030 청년정책,
강남구,강남구청,무역마스터 글로벌 전문가 육성,무역·글로벌 비즈니스 분야 실무인재 양성,19,39,-,-,-,0,0,0,0,청년 취업교육,
강남구,강남구청,워라벨 디자인 랩,청년 일·삶 관리역량 강화 프로그램,19,39,-,-,-,0,0,0,0,청년 복지정책,
강남구,강남구청,강남 청년 소셜 처방,고립·외로움 예방 및 사회적 관계망 회복 프로그램,19,39,-,-,-,0,0,0,0,청년 사회적 연결망 지원,
강남구,강남구청,강남 청년 웰컴위크,청년 생활·정책정보 및 지역정착 프로그램 제공,19,39,-,-,-,0,0,0,0,강남구 청년 대상,
강남구,강남구청,청년 금융역량 키움 프로젝트,금융기초·재무관리·자산관리 교육,19,39,-,-,-,0,0,0,0,청년 금융복지,
강남구,강남구청,청년 맞춤형 원데이클래스,청년 생활·자립 관련 교육 프로그램 운영,19,39,-,-,-,0,0,0,0,2026~2030 청년정책,
강남구,강남구청,서울청년센터 강남 운영,청년 상담·정책정보·취업·생활 프로그램 지원,19,39,-,-,-,0,0,0,0,청년 종합지원 공간,
강남구,강남구청,강남청년누리-ON,청년 일자리·주거·복지 등 온라인 정책정보 제공,19,39,-,-,-,0,0,0,0,온라인 청년정책 정보서비스,
강남구,강남구청,1인가구 안심홈세트 지원,주거안전을 위한 안심홈세트 지원,-,-,-,-,-,0,0,0,0,"강남구 주민등록 1인 단독세대, 2026년 77가구 지원",
강남구,강남구 1인가구 커뮤니티센터,1인가구 생활·관계망 지원,상담·교육·생활·사회적 관계망 프로그램 지원,-,-,-,-,-,0,0,0,0,강남구 1인가구,
강남구,강남구 1인가구 커뮤니티센터,청년 1인가구 취업UP,취업상담·입사서류·자기소개서·면접 등 취업지원,19,34,-,-,-,0,0,0,0,청년 1인가구 대상,
강남구,강남구보건소,임신 사전건강관리 지원-여성,난소기능검사·부인과 초음파 등 검사비 지원,20,49,-,-,-,0,0,0,0,"혼인·자녀 여부 무관, 연령주기별 최대 3회",
강남구,강남구보건소,임신 사전건강관리 지원-남성,정액검사 등 검사비 지원,20,49,-,-,-,0,0,0,0,"혼인·자녀 여부 무관, 연령주기별 최대 3회",
강남구,강남구보건소,남성 난임 정밀검사비 지원,음낭초음파·정액배양·PCR·HPV·호르몬검사 등 최대 20만원,-,-,-,-,-,0,0,0,0,"강남구 거주 남성, 정액검사 이상소견 필요, 사실혼 가능",
강남구,강남구보건소,남성 가임력 보존비 지원,정자 냉동·보존 관련 비용 최대 30만원 지원,-,-,-,-,-,0,0,0,0,2026년 강남구 가임력 보존 지원,
강남구,강남구보건소,여성 가임력 보존비 지원,난자 냉동·보존 관련 비용 최대 200만원 지원,-,-,-,-,-,0,0,0,0,2026년 강남구 가임력 보존 지원,
강남구,강남구보건소,정·난관 복원 시술비 지원,정관·난관 복원 시술비 최대 100만원 지원,-,-,-,-,-,0,0,0,0,임신 희망 가정 지원,
강남구,강남구보건소,난임부부 시술비 지원-신선배아,체외수정 신선배아 시술비 지원,-,-,-,-,-,0,0,1,0,사실혼 포함,
강남구,강남구보건소,난임부부 시술비 지원-동결배아,체외수정 동결배아 시술비 지원,-,-,-,-,-,0,0,1,0,사실혼 포함,
강남구,강남구보건소,난임부부 시술비 지원-인공수정,인공수정 시술비 지원,-,-,-,-,-,0,0,1,0,사실혼 포함,
강남구,강남구보건소,서울형 산모 산후조리경비-첫째,산후조리경비 100만원 바우처 지원,-,-,-,-,-,0,0,0,0,2026년 3월 30일부터 차등지원,
강남구,강남구보건소,서울형 산모 산후조리경비-둘째,산후조리경비 120만원 바우처 지원,-,-,-,-,-,0,0,0,0,출산 후 180일 이내 신청,
강남구,강남구보건소,서울형 산모 산후조리경비-셋째 이상,산후조리경비 150만원 바우처 지원,-,-,-,-,-,0,0,0,0,서울 거주 90일 이상 등 조건,
강남구,강남구청,아빠 육아휴직장려금,"남성 육아휴직자 월 30만원, 최대 1년 지원",-,-,-,-,-,0,0,0,0,신청일 기준 강남구 1년 이상 거주·고용보험 육아휴직급여 수급자,
강남구,강남구청,청소년 한부모 검정고시 학습지원,검정고시 등 학습비 연 최대 154만원,-,24,-,-,65,0,0,0,0,청소년 한부모 본인 지원,
강남구,강남구청,청소년 한부모 자립촉진수당,학업·취업 등 자립활동 시 월 10만원 지원,-,24,-,-,65,0,0,0,0,청소년 한부모 본인 지원,
강남구,강남구청,청소년 한부모 고교생 교육비,청소년 한부모 본인의 고교 교육비 지원,-,24,-,-,65,0,0,0,0,부 또는 모 본인 대상,
강남구,강남구청,한부모가족복지시설 지원,한부모가족복지시설 입소자의 생활·자립 지원,-,-,-,-,-,0,0,0,0,아동 직접급여는 제외하고 가구·부모 지원만 포함,
강남구,강남구청,기초생활보장 생계급여,소득인정액이 기준 이하인 가구 생계비 지원,-,-,-,-,32,1,0,0,0,기초생활보장,
강남구,강남구청,기초생활보장 의료급여,수급가구 의료비 지원,-,-,-,-,40,1,0,0,0,기초생활보장,
강남구,강남구청,기초생활보장 주거급여,임차료·주택수선비 등 주거지원,-,-,-,-,48,1,0,0,0,주거복지,
강남구,강남구청,차상위계층 지원,저소득 차상위계층 생활·요금감면 및 복지서비스 연계,-,-,-,-,50,0,0,0,0,차상위계층,
강남구,강남구청,긴급복지 생계지원,갑작스러운 위기사유 발생 가구에 생계비 긴급지원,-,-,-,-,75,0,0,0,0,소득·재산·위기사유 기준 적용,
강남구,강남구청,긴급복지 의료지원,중한 질병·부상 등 위기가구 의료비 긴급지원,-,-,-,-,75,0,0,0,0,긴급복지 기준 적용,
강남구,강남구청,긴급복지 주거지원,위기사유로 거주가 어려운 가구에 임시 주거지원,-,-,-,-,75,0,0,0,0,긴급복지 기준 적용,
강남구,강남구청,긴급복지 연료비·전기요금 지원,위기가구 연료비·전기요금 등 부가급여 지원,-,-,-,-,75,0,0,0,0,긴급지원 대상자,
강남구,강남구보건소,서울형 입원생활비 지원,입원·검진기간 동안 생활비 지원,-,-,-,-,100,0,0,0,0,"근로취약계층·프리랜서·1인사업자 등, 생계급여·긴급복지·실업급여 등 일부 수급자 제외",
