통계표명:,지역 및 소득수준별 소득 대비 주택임대료 비율(RIR),
단위:,%,
,,2024
전체,,15.8
지역별 5),수도권,18.4
,광역시 등,15.2
,도지역,12.7
소득수준별 6),하위(1-4분위),18.3
,중위(5-8분위),16.2
,상위(9-10분위),19.4
출처:,"국토교통부,「주거실태조사」",
주석:,1) 소득 대비 주택임대료 비율 = (월임대료 ÷ 월가구소득) × 100. 월임대료와 월가구소득은 중위값임,
,2) 보증금은 한국부동산원 전국주택가격동향조사의 '월세전환율'을 적용하여 월세로 환산,
,3) RIR: Rent to Income Ratio,
,"4) 2006년 이후 격년마다 조사, 2017년 이후 매년 조사함",
,"5) 수도권: 서울, 인천, 경기",
,"   광역시 등: 부산, 대구, 광주, 대전, 울산, 세종. 단 세종은 2018년부터 포함(2017년까지는 충남에 포함)",
,"   도 지역: 강원, 충북, 충남, 전북, 전남, 경북, 경남, 제주",
,"6) 가구 총소득으로, 세금 등을 제외한 월평균 실수령액임",
